ISS (ZARYA)
1 25544U 98067A   26212.11974625  .00008690  00000-0  16406-3 0  9991
2 25544  51.6317  82.6819 0007117 356.3115   3.7820 15.49277094578568
NEMO-HD
1 46277U 20061F   26212.17102993  .00011276  00000-0  23732-3 0  9997
2 46277  97.1889 273.6977 0001418 129.4988 230.6387 15.45449328328777
OBJECT G
1 44885U 19093G   26212.13323786  .00005781  00000-0  41916-3 0  9992
2 44885  97.7941 306.6977 0010074 281.3931  78.6162 15.04296147359258
METEOR M2-2
1 44387U 19038A   26212.14835515  .00000339  00000-0  16640-3 0  9997
2 44387  98.9172 200.0893 0000195 189.8288 170.2886 14.24377611367559
D-STAR ONE SPARROW
1 43881U 18111F   26211.81390289  .00478996  95288-4  12125-2 0  9990
2 43881  97.6027 157.3820 0010818 144.9092 215.2897 15.95410183418273
EAGLET 1
1 43790U 18099AJ  26211.69986764  .00004258  00000-0  24291-3 0  9997
2 43790  97.4201 260.2174 0010938 186.5985 173.5104 15.13239821418912
RANGE A
1 43773U 18099R   26211.08441137  .00004461  00000-0  25096-3 0  9991
2 43773  97.3939 252.4117 0009976 188.8163 171.2895 15.13720986418989
AO-95
1 43770U 18099N   26211.71644325  .00012172  00000-0  45321-3 0  9993
2 43770  97.4357 271.8213 0008692 182.1553 177.9650 15.27587967419862
ES'HAIL 2
1 43700U 18090A   26211.90878125  .00000149  00000-0  00000+0 0  9997
2 43700   0.0156  73.7238 0002545  88.9212 138.8221  1.00272210 28116
DIWATA 2B
1 43678U 18084H   26212.18122190  .00001833  00000-0  15013-3 0  9994
2 43678  98.1209  50.3210 0011705  33.1918 327.0037 15.00615676422815
TEN-KOH
1 43677U 18084G   26211.06384123  .00001976  00000-0  15131-3 0  9994
2 43677  98.0764  45.2362 0008759 347.5956  12.5051 15.03105639422604
CARTOSAT 2F
1 43111U 18004A   26212.20607032  .00003379  00000-0  16341-3 0  9996
2 43111  97.4760 271.4034 0003145 107.8483 252.3094 15.19284857474011
CZ-11 R/B
1 41847U 16066G   26211.80226926  .00000700  00000-0  10723-3 0  9993
2 41847  98.3805 287.0396 0341296 357.4434   2.5000 14.44792690511098
ALSAT 1N
1 41789U 16059G   26212.10755176  .00000978  00000-0  17253-3 0  9990
2 41789  97.8019 213.5068 0027188  49.6558 310.7017 14.69375102526452
CARTOSAT 2C
1 41599U 16040A   26212.18951789  .00003670  00000-0  17726-3 0  9992
2 41599  97.4451 271.5548 0008338 349.2953  10.8103 15.19253413560399
LILACSAT 2
1 40908U 15049K   26212.17537900  .00018156  00000-0  29322-3 0  9997
2 40908  97.4608 250.7233 0008661  95.4714 264.7526 15.52894824602570
VELOX 1
1 40057U 14034E   26212.14217064  .00005521  00000-0  46972-3 0  9990
2 40057  98.2480 119.6403 0008275 122.8913 237.3105 14.98245611653186
CANX-4
1 40055U 14034C   26211.11302471  .00000854  00000-0  11659-3 0  9999
2 40055  98.3058  87.9906 0011632 229.5313 130.4885 14.81333898650880
AISAT
1 40054U 14034B   26211.72302362  .00011872  00000-0  74115-3 0  9992
2 40054  98.2351 127.3212 0010873  78.3352 281.9095 15.09618043653777
TIGRISAT
1 40043U 14033AK  26212.17624726  .00001535  00000-0  18155-3 0  9997
2 40043  97.7886   1.1974 0047691 290.8291  68.7820 14.85293448652156
NANOSAT C BR1
1 40024U 14033Q   26211.04904443  .00018495  00000-0  58597-3 0  9995
2 40024  98.0701 247.2746 0004333  60.4389 299.7282 15.32786182660545
UNISAT 6
1 40012U 14033C   26212.16893738  .00002576  00000-0  27906-3 0  9993
2 40012  97.7931   4.1250 0043348 283.7450  75.8944 14.88430195652708
AIST 1
1 39492U 13078C   26212.16779553  .00001041  00000-0  89798-4 0  9993
2 39492  82.4122 228.2637 0018122 126.5941 233.6951 14.96170728681829
HINCUBE
1 39445U 13066AF  26211.86512970  .00008410  00000-0  53174-3 0  9997
2 39445  97.7999 181.0641 0034395  63.8207 296.6552 15.08789725686117
FUNCUBE 1
1 39444U 13066AE  26212.19755078  .00007912  00000-0  48242-3 0  9997
2 39444  97.8307 184.5860 0037505  55.7974 304.6800 15.10043641686308
ZACUBE
1 39417U 13066B   26212.13007363  .00004299  00000-0  33109-3 0  9999
2 39417  97.7987 174.6761 0043784 104.2991 256.3100 15.01428742687324
ESTCUBE 1
1 39161U 13021C   26211.69194963  .00001613  00000-0  21210-3 0  9996
2 39161  97.7265 264.3456 0007077 224.8693 135.1948 14.81517836711467
CUBEBUG 1
1 39153U 13018D   26211.26869929  .00003863  00000-0  33619-3 0  9992
2 39153  98.1713  13.1451 0011544  14.9100 345.2459 14.97540280717510
BRITE-A TUGSAT-1
1 39091U 13009F   26211.04380199  .00000166  00000-0  70977-4 0  9998
2 39091  98.4017  29.4244 0011363 110.1378 250.1032 14.36557837703207
AAUSAT3
1 39087U 13009B   26209.24720325  .00000636  00000-0  21539-3 0  9992
2 39087  98.3715  32.1105 0012686  89.1343 271.1299 14.39985813703085
FENGYUN 3B
1 37214U 10059A   26212.15514730 -.00000204  00000-0 -82027-4 0  9992
2 37214  98.9596 258.3498 0023108  63.4618  27.9172 14.14848665813643
TISAT 1
1 36799U 10035E   26211.86410958  .00021727  00000-0  67603-3 0  9990
2 36799  98.0724 162.3471 0004885  93.2434 266.9365 15.33324478874398
NOAA 19
1 33591U 09005A   26212.15031044  .00000038  00000-0  44171-4 0  9998
2 33591  98.9498 283.0517 0012701 265.3987  94.5734 14.13480454900697
FENGYUN 3A
1 32958U 08026A   26211.81746144  .00000076  00000-0  56767-4 0  9998
2 32958  98.6889 151.8365 0008931  10.0948 350.0406 14.19579465941596
YUBELEINY
1 32953U 08025A   26212.11998230  .00000021  00000-0  83056-4 0  9992
2 32953  82.5077 328.1131 0019118 212.7729 147.2166 12.43181314825158
CARTOSAT 2A
1 32783U 08021A   26212.14927209  .00000335  00000-0  51727-4 0  9998
2 32783  97.7607 259.3515 0011152 335.8225  24.2463 14.79291368985305
MOZHAYETS 4
1 27939U 03042A   26212.22556824  .00000727  00000-0  11998-3 0  9993
2 27939  98.3474  37.8331 0012201 124.7649 351.2022 14.73539863222034
NOAA 9
1 15427U 84123A   26211.70681350  .00000105  00000-0  75529-4 0  9997
2 15427  99.0980 239.3511 0013909 223.6476 245.5419 14.17078540149586
OSCAR 11 (UOSAT 2)
1 14781U 84021B   26211.91511926  .00001614  00000-0  16929-3 0  9994
2 14781  97.8092 177.0124 0008749  47.6198 312.5760 14.90889194263641
OSCAR 7
1  7530U 74089B   26211.88502640 -.00000033  00000-0  84158-4 0  9995
2  7530 101.9911 225.5876 0012551  49.1780  70.3946 12.53698852365997
PROX-1
1 44339U 19036A   26212.22415100  .00011956  00000-0  11341-2 0  9994
2 44339  23.9935 179.8568 0006167 182.7623 177.2843 14.91581397380055
AUTCUBE 2
1 43681U 18084K   26210.10460533  .00003466  00000-0  21558-3 0  9999
2 43681  98.0671  58.5031 0007377 259.2786 100.7612 15.10347410423259
CZ-4B R/B
1 43656U 18081B   26211.78952730  .00000108  00000-0  48743-4 0  9994
2 43656  99.3648 133.1856 0205224 140.9541 220.6659 14.31876038405540
CORVUS BC1
1 42847U 17042Y   26210.96212005  .00002609  00000-0  17953-3 0  9990
2 42847  97.4140  11.5080 0010259 306.7835  53.2450 15.06698231493530
NORSAT 2
1 42828U 17042D   26211.21332938  .00009844  00000-0  42487-3 0  9994
2 42828  97.4063  24.0015 0008004 257.1284 102.9059 15.22695343494281
CARTOSAT 2E
1 42767U 17036C   26212.17322414  .00004348  00000-0  20944-3 0  9991
2 42767  97.4246 271.2427 0004324 142.8044 217.3490 15.19258665504824
CHUBUSAT 3
1 41339U 16012C   26212.17282809  .00004805  00000-0  21930-3 0  9995
2 41339  31.0049  43.2924 0008762 153.3657 206.7435 15.18896939574895
SINOD-D 1
1 40974U 15058L   26211.87956602  .00011553  00000-0  53663-3 0  9999
2 40974  64.7589  32.2541 0083155  28.8667 331.7019 15.17292084122245
FOX-1
1 40967U 15058D   26211.88116480  .00004104  00000-0  36196-3 0  9990
2 40967  64.7755 143.1742 0133606  39.9138 321.1704 14.91197654120082
LQSAT
1 40958U 15057A   26212.11064589  .00000427  00000-0  67566-4 0  9998
2 40958  97.6704 203.3178 0018141 126.0463 234.2432 14.76830265581794
UKUBE 1
1 40074U 14037F   26211.26358165  .00007939  00000-0  43927-3 0  9994
2 40074  98.4242 219.0847 0002655  64.7722 295.3782 15.14173668655074
POLYITAN 1
1 40042U 14033AJ  26211.03949117  .00019997  00000-0  59562-3 0  9992
2 40042  98.0926 241.4003 0006216  16.2888 343.8551 15.34722757660169
QB50P1
1 40025U 14033R   26211.83680926  .00008436  00000-0  40734-3 0  9998
2 40025  98.0966 226.0647 0010440  80.2527 279.9884 15.18895988659651
BUGSAT 1
1 40014U 14033E   26212.19857588  .00005882  00000-0  30683-3 0  9990
2 40014  98.0439 307.3346 0028250  32.9920 327.3066 15.16034581662502
UWE-3
1 39446U 13066AG  26211.85848992  .00002514  00000-0  21706-3 0  9998
2 39446  97.8727 168.2426 0048582 172.1521 188.0472 14.97287811684111
FENGYUN 3C
1 39260U 13052A   26212.21462444  .00000040  00000-0  41348-4 0  9999
2 39260  98.5017 184.0759 0013448 255.9407 104.0273 14.15763819664792
STRAND 1
1 39090U 13009E   26211.01230281  .00000249  00000-0  98089-4 0  9996
2 39090  98.3943  30.1981 0009866 101.7904 258.4390 14.37186572703210
AENEAS
1 38760U          23265.85685185  .00000000  00000-0  15764-2 0    06
2 38760  64.6448 191.4103 0027263 114.7582 355.9422 15.68528680    04
HORYU 2
1 38340U 12025D   26211.85515168  .00003596  00000-0  36680-3 0  9998
2 38340  98.2231 346.5972 0008782  47.4338 312.7619 14.91311723755238
O/OREOS (USA 219)
1 37224U 10062C   26211.79092389  .00002295  00000-0  22111-3 0  9994
2 37224  71.9728 341.5537 0015139 335.5144  24.5306 14.93908482123156
CARTOSAT 2B
1 36795U 10035A   26212.19020743  .00000767  00000-0  11162-3 0  9992
2 36795  97.9929 262.4517 0012468  54.1377 306.0989 14.78669796866358
XIWANG-1 (HOPE-1)
1 36122U 09072B   26212.17136470 -.00000235  00000-0 -49966-3 0  9993
2 36122 100.4047 165.3059 0007936 129.7139 230.4674 13.16438802798790
ITUPSAT 1
1 35935U 09051E   26211.19424575  .00000745  00000-0  16351-3 0  9994
2 35935  98.4003 118.5154 0008732 102.2558 257.9620 14.60498525895017
BEESAT
1 35933U 09051C   26211.71324551  .00000885  00000-0  18718-3 0  9997
2 35933  98.3917 119.8963 0006612  90.3668 269.8290 14.61784619895540
SWISSCUBE
1 35932U 09051B   26211.20210267  .00000979  00000-0  20250-3 0  9996
2 35932  98.3990 119.8328 0008179  79.7802 280.4321 14.62556448895447
KKS-1 (KISEKI)
1 33499U 09002H   26212.17560110  .00001222  00000-0  15631-3 0  9999
2 33499  98.1165 135.3136 0008660 139.2521 220.9341 14.83225053942712
EYESAT A
1 22825U 93061C   26211.70209557  .00000100  00000-0  55083-4 0  9991
2 22825  98.6856 279.0940 0007860 340.3448  19.7431 14.30952615713227
UWE-4
1 43880U 18111E   26212.18695126  .00032830  00000-0  61006-3 0  9998
2 43880  97.5835 142.6904 0008673 144.2155 215.9678 15.48807942417585
SUOMI100
1 43804U 18099AY  26211.72973679  .00013525  00000-0  47594-3 0  9996
2 43804  97.4159 271.9823 0011437 123.4591 236.7744 15.29390949420076
ASTROCAST-01
1 43798U 18099AS  26212.13166771  .00038700  00000-0  62893-3 0  9992
2 43798  97.4361 292.0926 0004584  82.4910 277.6863 15.52598119421246
ITASAT
1 43786U 18099AE  26211.95122794  .00007120  00000-0  33726-3 0  9990
2 43786  97.3998 262.5972 0012220 191.4096 168.6864 15.19563863419555
SNUGLITE
1 43784U 18099AC  26211.70324118  .00011824  00000-0  43415-3 0  9997
2 43784  97.3837 265.5740 0004550 123.0652 237.1025 15.28078752419961
SNUSAT-2
1 43782U 18099AA  26212.04941561  .00008327  00000-0  36195-3 0  9991
2 43782  97.4026 264.7704 0011560 136.4657 223.7494 15.22472354419706
OBJECT-Q
1 43772U 18099Q   26182.81231119  .08872736  25300-5  91617-3 0  9998
2 43772  97.3932 266.0295 0016550 265.7852  94.1554 16.37399568417018
S-NET D
1 43186U 18014G   26212.13222021  .00004354  00000-0  22336-3 0  9997
2 43186  97.5312 116.6493 0006834 215.5186 144.5593 15.17050273465423
S-NET C
1 43189U 18014K   26212.14867150  .00004727  00000-0  24238-3 0  9996
2 43189  97.5345 116.9520 0009016 205.1598 154.9197 15.17009583463974
S-NET B
1 43187U 18014H   26212.14454715  .00004775  00000-0  24482-3 0  9997
2 43187  97.5319 116.6495 0007589 211.1199 148.9585 15.17019485465426
S-NET A
1 43188U 18014J   26212.13085750  .00004308  00000-0  22099-3 0  9990
2 43188  97.5328 116.8531 0007433 211.8681 148.2103 15.17058581465420
AO-91
1 43017U 17073E   26212.05646573  .00008874  00000-0  38177-3 0  9998
2 43017  97.4637  78.3774 0149068 176.4593 183.7732 15.13271626472022
CZ-4C R/B
1 43012U 17072C   26211.86965039  .00000242  00000-0  57748-4 0  9998
2 43012  98.5822 321.3049 0122643  17.9131 342.6333 14.58818497463000
TECHNOSAT
1 42829U 17042E   26211.86250625  .00003089  00000-0  22022-3 0  9996
2 42829  97.4325   7.8766 0016445 307.3310  52.6418 15.05181351493279
DSAT
1 42794U 17036AF  26210.89783294  .00009340  00000-0  42940-3 0  9992
2 42794  97.5586 189.7177 0081109  14.9825 345.3783 15.17624051497337
QB50P2
1 40032U 14033Y   26210.75515375  .00008346  00000-0  44177-3 0  9996
2 40032  98.0765 210.3062 0008394  42.4644 317.7235 15.15687448659117
DTUSAT 2
1 40030U 14033W   26210.96320353  .00007478  00000-0  39795-3 0  9992
2 40030  98.0879 211.4269 0009653  90.6795 269.5542 15.15529117659161
DUCHIFAT 1
1 40021U 14033M   26211.69185640  .00188970  00000-0  12118-2 0  9997
2 40021  98.0398 277.3154 0004975 226.4629 133.6222 15.75703409662577
CUBEBUG 2
1 39440U 13066AA  26211.86743700  .00003464  00000-0  32046-3 0  9998
2 39440  97.8923 161.0454 0055634 241.7934 117.7661 14.94054951683518
GOMX 1
1 39430U 13066Q   26212.17195956  .00001196  00000-0  18599-3 0  9993
2 39430  97.6456  49.8603 0127022 296.5756  62.2479 14.69576741676371
SRMSAT
1 37841U 11058D   26211.13912250  .00000362  00000-0  52686-4 0  9995
2 37841  19.9705 159.4872 0011561 316.9330 154.7863 14.11583813763893
JUGNU
1 37839U 11058B   26212.21519154  .00000388  00000-0  62802-4 0  9997
2 37839  19.9617  40.9346 0018524 202.6752 313.3745 14.13787431765266
CUTE-1.7+APD 2
1 32785U 08021C   26212.19381977  .00003887  00000-0  24442-3 0  9999
2 32785  97.8305 194.5482 0007195 231.2097 128.8490 15.09834456991835
XI-V
1 28895U 05043F   26210.39193657  .00001500  00000-0  24283-3 0  9996
2 28895  98.3034   6.9136 0015245  73.7774 286.5109 14.72736462107964
NOAA 18
1 28654U 05018A   26212.14362419  .00000062  00000-0  56011-4 0  9997
2 28654  98.8100 291.1800 0014690  30.2821 329.9197 14.13736583 92529
CUBESAT XI 4
1 27848U 03031J   26210.96830590  .00000232  00000-0  12066-3 0  9992
2 27848  98.6782 218.6696 0010726  81.3456 278.8937 14.23641530197462
CUTE-1
1 27844U 03031E   26210.95833145  .00000277  00000-0  13862-3 0  9990
2 27844  98.6750 218.9816 0010714  64.7833 295.4455 14.24359648197761
PCSAT
1 26931U 01043C   26212.16168990  .00000110  00000-0  71993-4 0  9997
2 26931  67.0508 130.5337 0005769 268.0182  92.0260 14.31970665296744
TECHSAT 1B
1 25397U 98043D   26211.89589984  .00000048  00000-0  40744-4 0  9997
2 25397  99.0099 205.7630 0002371  89.9741 270.1709 14.24436072457553
NOAA 15
1 25338U 98030A   26212.21457575  .00000108  00000-0  61854-4 0  9997
2 25338  98.5065 231.6568 0009535 212.6485 147.4108 14.27158480467571
JAS 2
1 24278U 96046B   26211.78336186 -.00000009  00000-0  27848-4 0  9995
2 24278  98.5207  54.6792 0349572 343.4992  15.4998 13.53276001479063
ITAMSAT
1 22826U 93061D   26211.73841940  .00000108  00000-0  57582-4 0  9997
2 22826  98.6804 279.0525 0008068 321.8357  38.2254 14.31380589713544
OSCAR 19 (LUSAT)
1 20442U 90005G   26211.29884642  .00000105  00000-0  54210-4 0  9993
2 20442  98.8845 234.2904 0012667  80.9857 279.2760 14.34134576908579
OBJECT C
1 44881U 19093C   26212.13351458  .00000350  00000-0  45528-4 0  9996
2 44881  97.7514 283.2896 0012335 306.6389  53.3692 14.86579927357941
AISTECHSAT-2
1 43768U 18099L   26211.06815869  .00005779  00000-0  30542-3 0  9995
2 43768  97.4268 258.1682 0005960 136.8448 223.3253 15.15852957418777
MINXSS-2
1 43758U 18099A   26212.16602374  .00038553  00000-0  68651-3 0  9999
2 43758  97.4506 289.8306 0008330 110.4668 249.7478 15.49995435420939
METOP-C
1 43689U 18087A   26212.13056729  .00000085  00000-0  58788-4 0  9993
2 43689  98.6617 270.9243 0001911  73.7028 286.4360 14.21506520401072
STARS-AO
1 43679U 18084J   26210.41290961  .00006761  00000-0  34111-3 0  9996
2 43679  98.0454  66.9915 0003032  51.3043 308.8460 15.17486656423873
FLYING LAPTOP
1 42831U 17042G   26212.17565682  .00002217  00000-0  17583-3 0  9994
2 42831  97.4875   6.0759 0018607 341.0287  19.0242 15.01397822493051
CARTOSAT 2D
1 41948U 17008A   26212.15521762  .00004301  00000-0  20701-3 0  9995
2 41948  97.4081 270.6319 0006217  93.9404 266.2542 15.19279671524253
PRATHAM
1 41783U 16059A   26211.27624164  .00000757  00000-0  14160-3 0  9992
2 41783  97.8350 206.2464 0032724  81.8300 278.6615 14.67245764525833
CANX-5
1 40056U 14034D   26211.17850266  .00000868  00000-0  11843-3 0  9996
2 40056  98.3061  88.1045 0011629 229.5417 130.4782 14.81351457641701
NEE 02 KRYSAOR
1 39441U 13066AB  26212.09098252  .00001852  00000-0  20675-3 0  9994
2 39441  97.8897 151.0004 0064264 286.2280  73.1872 14.86797741682729
VELOX-P 2
1 39438U 13066Y   26211.85982300  .00002349  00000-0  22409-3 0  9998
2 39438  97.8761 163.2872 0052052 196.5201 163.4325 14.93315895684352
ICUBE 1
1 39432U 13066S   26211.91975551  .00013102  00000-0  49731-3 0  9995
2 39432  97.5718 198.1716 0016443 169.3052 190.8539 15.26845838691086
BRITE-PL
1 39431U 13066R   26212.10764172  .00000636  00000-0  13682-3 0  9995
2 39431  97.7992 321.3050 0188630 234.3548 123.9957 14.51403355670307
DELFI-N3XT
1 39428U 13066N   26211.74155183  .00008703  00000-0  74555-3 0  9995
2 39428  97.8322 132.0186 0075768  62.4565 298.4328 14.95561531681136
CINEMA 3
1 39426U 13066L   26212.00261821  .00001546  00000-0  20498-3 0  9995
2 39426  97.8360 123.0465 0091275  70.5535 290.5511 14.78393291680924
CASSIOPE
1 39265U 13055A   26212.19893481  .00020473 -44064-6  21870-3 0  9997
2 39265  80.9143  13.1229 0280139 273.5088  83.4147 15.28040838674380
NEE 01 PEGASUS
1 39151U 13018B   26211.87357512  .00002583  00000-0  24869-3 0  9992
2 39151  98.1277 357.4864 0012823  26.2844 333.9023 14.93855695717221
BRITE-U UNIBRITE
1 39092U 13009G   26211.05989703  .00000153  00000-0  66751-4 0  9997
2 39092  98.4056  29.5614 0010299 106.8478 253.3838 14.36429011703147
SARAL
1 39086U 13009A   26212.17309046  .00000062  00000-0  38795-4 0  9996
2 39086  98.5561  38.1854 0002536 133.0402 227.0995 14.32899099701905
METOP-B
1 38771U 12049A   26212.18384492  .00000088  00000-0  59982-4 0  9997
2 38771  98.6478 262.7991 0001888 187.7816 172.3332 14.21450181719510
METEOR-M
1 35865U 09049A   26211.87596698  .00000059  00000-0  45569-4 0  9996
2 35865  98.7417 174.0423 0002386 154.4335 205.6961 14.23165510875467
STARS (KUKAI)
1 33498U 09002G   26212.09940543  .00003134  00000-0  28456-3 0  9994
2 33498  98.1572 161.2133 0009411  34.1776 326.0048 14.96036226945045
HAMSAT
1 28650U 05017B   26211.92753221  .00003979  00000-0  24792-3 0  9992
2 28650  97.9898 236.8615 0017481 245.8055 114.1346 15.10076492153367
INMARSAT 4-F1
1 28628U 05009A   26211.84738668  .00000037  00000-0  00000+0 0  9991
2 28628   5.2264  42.7871 0002830  89.0907 299.7819  1.00272640 78116
OPAL
1 26063U 00004C   26211.80410338  .00000133  00000-0  63168-4 0  9995
2 26063 100.1915 156.6738 0035003 271.9487  87.7686 14.37979370389553
ORSTED
1 25635U 99008B   26211.73934098  .00000725  00000-0  16747-3 0  9994
2 25635  96.4781 109.3528 0133100  47.5058 313.7297 14.51850564448280
RADIO ROSTO
1 23439U 94085A   26212.10576347 -.00000038  00000-0  12846-3 0  9999
2 23439  64.8129 232.1873 0157535 355.7988   4.1604 11.27583940300851
OPS 6582 (TRANSIT 5B-5)
1   965U 64083D   26211.89345345  .00000029  00000-0  27142-4 0  9995
2   965  90.0770 203.3892 0042700 147.5692 279.0168 13.57016398 49547
M2 PATHFINDER
1 45727U 20037E   26211.07048282  .00002605  00000-0  18857-3 0  9995
2 45727  97.8148  42.7891 0011777  16.1514 344.0085 15.04857005331945
TAURUS-1
1 44530U 19059C   26212.21337188  .00005337  00000-0  84799-3 0  9994
2 44530  98.6447  19.7957 0009040 166.1136 194.0319 14.72523312365125
FORMOSAT7-4/COSMIC2-4
1 44350U 19036M   26212.07420269  .00002593  00000-0  19585-3 0  9998
2 44350  23.9971 158.5892 0000941   7.6509 352.4006 14.96667773390657
ISAT
1 43879U 18111D   26211.83139220  .00147738  00000-0  98859-3 0  9995
2 43879  97.5847 150.7005 0009248 122.2069 238.0093 15.74798832418019
CENTAURI-1
1 43809U 18099BD  26211.68717125  .00006181  00000-0  31741-3 0  9995
2 43809  97.4192 262.4770 0014476 170.1755 189.9764 15.16769408419098
JY1SAT
1 43803U 18099AX  26211.13954905  .00018744  00000-0  55343-3 0  9990
2 43803  97.4099 274.1545 0007401 115.6311 244.5698 15.34990018420213
ESEO
1 43792U 18099AL  26211.68290225  .00001238  00000-0  92760-4 0  9990
2 43792  97.3953 247.2071 0012014 175.4077 184.7262 15.04367791418348
LUOJIA-1 01
1 43485U 18048B   26212.17176492  .00002117  00000-0  23983-3 0  9994
2 43485  97.8093 289.6525 0008391 346.7912  13.3083 14.87432278440756
LAPAN A3
1 41603U 16040E   26212.17895872  .00003197  00000-0  10138-3 0  9991
2 41603  97.1514 206.8929 0009135 207.4043 152.6719 15.33366096561552
HORYU-4
1 41340U 16012D   26182.79199294  .04204222 -38650-5  11151-2 0  9996
2 41340  30.9791 330.1929 0008660 346.1826  13.8606 16.27112331573163
CHUBUSAT 2
1 41338U 16012B   26211.71621263  .00006069  00000-0  25927-3 0  9998
2 41338  30.9987  35.6400 0008341 164.1124 195.9780 15.21295789575050
DX 1
1 40071U 14037C   26212.21219089  .00001766  00000-0  18901-3 0  9994
2 40071  98.3898 176.5970 0008233 121.4438 238.7584 14.90108753652663
METEOR M2
1 40069U 14037A   26212.20957645  .00000185  00000-0  10367-3 0  9999
2 40069  98.5145 186.3968 0004554 271.7291  88.3366 14.21473069625577
TRITON 1
1 39427U 13066M   26212.18904163  .00003349  00000-0  40048-3 0  9994
2 39427  97.8208 120.9881 0091385  90.7196 270.4489 14.81861457680607
CAPE 1
1 31130U 07012P   26211.88372414  .00001207  00000-0  22461-3 0  9995
2 31130  98.4497 187.5600 0082043 295.3231  63.9489 14.64990685 24759
METOP-A
1 29499U 06044A   26212.18629698  .00000932  00000-0  11405-3 0  9997
2 29499  98.3360 320.2785 0172339 289.2117 115.9494 14.76074529 31941
SAUDISAT 1C
1 27607U 02058C   26211.78280639  .00001321  00000-0  17236-3 0  9991
2 27607  64.5531 354.0917 0074041 254.4251 104.8673 14.83131604270926
BREEZE-KM R/B
1 44909U 19096E   26211.78604341  .00000021  00000-0  35347-4 0  9995
2 44909  82.5246 310.7382 0218107  42.6853 319.0964 12.79748804307929
LAPAN-A2
1 40931U          26199.45381863  .00000000  00000-0  77536-4 0    07
2 40931   6.0006 322.6653 0012733 338.8432 273.6875 14.79294310    03
SEEDS
1 32791U 08021J   26211.92073598  .00018478  00000-0  56014-3 0  9995
2 32791  97.7537 211.9579 0004470 128.3103 231.8541 15.34185179993996
CORVUS BC2
1 42846U 17042X   26211.90206907  .00002971  00000-0  20469-3 0  9996
2 42846  97.4117  11.5703 0011839 329.1644  30.8887 15.06543075493649
AMSAT OSCAR 40
1 26609U 00072B   26211.20130839 -.00000214  00000-0  00000+0 0  9997
2 26609   9.3718 344.1095 7934677 192.0482 120.5889  1.25589085118059
DEORBITSAIL
1 40719U 15032E   26211.13244745  .00007825  00000-0  56270-3 0  9999
2 40719  97.5861  67.1550 0014698  89.5660 270.7250 15.04429504597700
OSCAR 10
1 14129U 83058B   26209.15539846 -.00000001  00000-0  00000-0 0  9993
2 14129  25.9480 212.8256 5997236 126.9194 304.3387  2.05870810296338
ERS 20 (OV5-3)
1  2768U 67040D   75042.57142285 -.00000859  00000-0  10000-3 0  9999
2  2768  35.1200 158.1261 7498300 182.8409 167.1313  0.50865911 13857
OBJECT BS
1 43822U 18099BS  26211.07579717  .00005279  00000-0  28680-3 0  9991
2 43822  97.4292 260.1540 0007572 189.2610 170.8484 15.14905353412713
OBJECT P
1 43771U 18099P   26211.73183135  .00020328  00000-0  58287-3 0  9990
2 43771  97.4214 275.6711 0009914 126.0884 234.1279 15.35873198420220
OBJECT T
1 43775U 18099T   26211.08631548  .00003298  00000-0  20464-3 0  9991
2 43775  97.4176 254.0118 0006074 162.7460 197.3978 15.10372772418794
OBJECT D
1 43761U 18099D   26211.06076851  .00003043  00000-0  20850-3 0  9991
2 43761  97.4154 250.3102 0011121 190.8539 169.2450 15.06730842418564
SDS 3F5
1 32378U 07060A   25165.82553699 0.00000000  00000-0  00000-0 0    05
2 32378  63.9520 169.3856 7029490 266.5714  93.4286  2.00596936    02
SALSAT
1 46495U 20068K   26210.98092491  .00007903  00000-0  27151-3 0  9995
2 46495  97.8862 216.6722 0010705 143.8475 216.3490 15.30364567321901
NETSAT-1
1 46506U 20068W   26210.96121040  .00013368  00000-0  38887-3 0  9999
2 46506  97.8755 214.6616 0003943 190.6466 169.4693 15.35569917321860
NETSAT-2
1 46507U 20068X   26210.98824731  .00023847  00000-0  46091-3 0  9998
2 46507  97.8612 222.7783 0004202 161.2479 198.8925 15.47775338322353
NETSAT-3
1 46505U 20068V   26210.98652829  .00019238  00000-0  42217-3 0  9998
2 46505  97.8655 220.8770 0005683 160.7319 199.4143 15.44092898322285
NETSAT-4
1 46504U 20068U   26211.01297880  .00018771  00000-0  39635-3 0  9995
2 46504  97.8603 222.7405 0006494 147.6704 212.4943 15.45232320322388
DEKART
1 46493U 20068H   26212.19334654  .00012815  00000-0  34118-3 0  9997
2 46493  97.8741 224.6470 0010588 123.3649 236.8610 15.38296417322536
NORBI
1 46494U 20068J   26212.20353772  .00023496  00000-0  41534-3 0  9999
2 46494  97.8608 232.1076 0008348  99.4693 260.7501 15.50309198323023
ATLAS 5 CENTAUR DEB
1 44694U 18079BG  26210.53462823 -.00000144  00000-0  00000-0 0  9996
2 44694  13.6682  35.8273 4716737 305.9616  18.7340  1.77411709 47313
LES 1
1 01002U 65008C   26211.29443175  .00000020  00000-0  16025-2 0  9997
2 01002  32.1462 302.6005 0015118  65.4451 294.7620  9.88354912220452
SOLRAD 7B
1  1291U 65016D   26211.92285308 -.00000007  00000-0  33817-4 0  9994
2  1291  70.0794 143.2827 0018771  59.9075 300.3888 13.94980174122807
ALOUETTE 2
1 01804U 65098A   26211.09121306  .00000477  00000-0  14932-3 0  9995
2 01804  79.7949 240.1467 1331100 145.5451 223.9704 12.28387887684546
OV3-3
1  2389U 66070A   26212.14335589  .00009072  00000-0  40169-3 0  9993
2  2389  81.3259 292.2046 1007022  43.5616 324.0712 13.46534427604888
ERS 15
1 02412U 66077C   26211.18282678  .00000002  00000-0  00000-0 0  9991
2 02412  90.3352 277.7421 0006676  28.0562 332.0648  8.59079661394150
ISIS 1
1  3669U 69009A   26211.83112703  .00000099  00000-0  58332-4 0  9998
2  3669  88.4457 139.6092 1707268 160.0931 207.5976 11.30438539364706
OPS 7613 (P/L 4)
1  4237U 69082E   26212.18418110  .00000004  00000-0  41148-4 0  9994
2  4237  70.0160   9.8994 0018073  70.1831 102.3807 13.96002186892444
OPS 7613 (P/L 1)
1 04256U 69082B   26211.27212930  .00000048  00000-0  69424-4 0  9991
2 04256  70.0070 232.4564 0019390   0.5090 359.6034 13.99205634896493
SHINSEI (MS-F2)
1 05485U 71080A   26211.18972484  .00000074  00000-0  10416-3 0  9999
2 05485  32.0565 277.0633 0640087 323.3858  32.4574 12.74255950554740
OPS 7898 (P/L 2)
1 05680U 71110C   26211.31604313  .00000001  00000-0  53682-4 0  9991
2 05680  69.9892 273.9153 0005568 126.6621 233.4986 13.74761901354143
EUTE 1-F4 (ECS 4)
1 18351U 87078B   26211.89570213  .00000033  00000-0  00000+0 0  9990
2 18351  13.7975 341.8166 0009492  46.3314 304.8831  0.98687061127187
MAKERSAT 0
1 43016U 17073D   26210.22257380  .00023931  00000-0  61763-3 0  9996
2 43016  97.4586  93.0911 0105685 122.9320 238.2141 15.33525047472900
CLUSTER II-FM7
1 26410U 00041A   26212.75214948  .00349612 -22525-2  00000-0 0  9995
2 26410 149.7166  58.8841 9105801 276.6110 359.5164  0.44837652 20509
CLUSTER II-FM6
1 26411U 00041B   24252.84969984  .00055454 -32453-3  00000+0 0  9994
2 26411 150.0714  39.2512 9137785 255.7698   0.1508  0.44419796 28488
CLUSTER II-FM5
1 26463U 00045A   25293.57799104  .00003729  00000-0  00000-0 0  9994
2 26463 145.9975  98.1036 9083513 317.9304   1.7530  0.45057109 19104
CLUSTER II-FM8
1 26464U 00045B   26208.95607096  .00298427 -18367-2  00000-0 0  9991
2 26464 149.9389  59.3294 9104744 276.8847   1.9187  0.44437096 20498
OBJECT G
1 40905U 15049G   26212.20390589  .00038003  00000-0  31442-3 0  9997
2 40905  97.4511 259.0359 0005418  75.7985 284.3878 15.70170735603341
CARTOSAT 3
1 44804U 19081A   26212.15439050  .00003161  00000-0  15288-3 0  9997
2 44804  97.4279 273.3055 0011489   7.3043 352.8357 15.19281831370142
LINGQIAO VIDEO A
1 40959U 15057B   26212.24872266  .00000347  00000-0  55373-4 0  9996
2 40959  97.6643 204.8839 0017944 122.8005 237.4938 14.77444342581911
LINGQIAO VIDEO B
1 40960U 15057C   26212.22224020  .00001210  00000-0  17575-3 0  9996
2 40960  97.6607 206.0104 0018099 122.8552 237.4405 14.77553076581959
JILIN-1-03
1 41914U 17002B   26212.15077316  .00011416  00000-0  26414-3 0  9995
2 41914  97.1953 218.6483 0006306  34.8676 325.2984 15.42610206528630
JILIN 1
1 40961U 15057D   26212.14823807  .00000744  00000-0  10905-3 0  9997
2 40961  97.6532 209.3382 0018340 117.6863 242.6212 14.78223936582109
JILIN-01-04
1 43022U 17074A   26212.18539464  .00012529  00000-0  28118-3 0  9995
2 43022  97.4889 323.0109 0004576  56.0300 304.1382 15.43520875481051
JILIN-01-05
1 43023U 17074B   26212.21178044  .00007278  00000-0  21999-3 0  9998
2 43023  97.4892 318.9860 0006410  80.0548 280.1418 15.34519169480756
JILIN-01-06
1 43024U 17074C   26212.19094272  .00005612  00000-0  17197-3 0  9991
2 43024  97.4816 315.9131 0008378  87.1616 273.0585 15.34177604480581
JILIN-01-07
1 43159U 18008E   26212.15876380  .00007423  00000-0  21798-3 0  9996
2 43159  97.1762 230.9333 0006294 253.5787 106.4765 15.35403685471749
JILIN-01-08
1 43160U 18008F   26212.19112704  .00006265  00000-0  19164-3 0  9992
2 43160  97.1800 230.2294 0004096 275.9481  84.1295 15.34183023471694
JILIN-01-09
1 43943U 19005B   26212.20123433  .00004234  00000-0  19487-3 0  9994
2 43943  97.4748 306.7989 0000814 339.2626  20.8576 15.20865078415831
JILIN-01-10
1 43946U 19005E   26212.19313419  .00005335  00000-0  20905-3 0  9990
2 43946  97.4803 311.0132 0009619 120.2314 239.9878 15.26171500416025
CSSWE
1 38761U 12048D   26211.25553442  .00031293  00000-0  60527-3 0  9993
2 38761  64.6639 307.3541 0037417 159.7948 200.4682 15.46851494123059
FIREBIRD-B
1 39464U 13072C   24128.45952140 +.00019470 +00000+0 +11355-2 0    17
2 39464 120.4762  11.1310 0183873 288.8384  69.2821 14.98949398559739
IPEX
1 39471U 13072K   26210.33002647  .00009209  00000-0  43319-3 0  9996
2 39471 120.4663  98.6020 0170316  46.2859 315.2180 15.08610865121593
CP5
1 38763U 12048F   26212.04395328  .00016269  00000-0  54447-3 0  9990
2 38763  64.6456   7.5507 0070709 161.6108 198.7604 15.28712701123465
PROSPERO (BLACK ARROW)
1 05580U 71093A   26211.20253949  .00001346  00000-0  28089-3 0  9998
2 05580  82.0358 253.0721 0502260 103.7885 261.9687 14.01726470754550
CUBEL
1 47448U 21006AM  26211.12483335  .00020848  00000-0  48141-3 0  9990
2 47448  97.2296 261.3331 0006471  37.0467 323.1226 15.42535158306375
SECOR 4 (EGRS 4)
1  1315U 65027B   26212.23423818  .00000049  00000-0  15094-3 0  9999
2  1315  90.2508  16.5697 0032898  85.7159  40.7407 12.92668551892618
UNISAT 7
1 47945U 21022P   26211.72998602  .00014333  00000-0  34247-3 0  9998
2 47945  97.3841 117.1323 0006474 278.2810  81.7703 15.41592118296561
OBJECT F
1 47937U 21022F   26212.16848287  .00008882  00000-0  27464-3 0  9996
2 47937  97.3839 112.8356 0007727 301.7892  58.2597 15.33711317296454
OBJECT X
1 47953U 21022X   26209.68678388  .00219351  00000-0  89656-3 0  9996
2 47953  97.3841 129.6578 0004321 146.5922 213.5622 15.85522612297050
HJ-1A
1 33320U 08041A   26212.19499580  .00002100  00000-0  25711-3 0  9994
2 33320  97.6710 196.3411 0019086 359.3755   0.7433 14.84088833964934
HJ-1B
1 33321U 08041B   26212.18434285  .00001383  00000-0  17283-3 0  9992
2 33321  97.6543 199.3680 0037493  40.8009 319.6002 14.83396317964938
TURKSAT 3U
1 39152U 13018C   26211.74186706  .00004034  00000-0  35828-3 0  9994
2 39152  97.7940 302.3922 0010452 321.5547  38.4929 14.96675249717607
CSS (TIANHE-1)
1 48274U 21035A   26212.04472080  .00021617  00000-0  27734-3 0  9997
2 48274  41.4687  55.7361 0001081 287.8102  72.2618 15.58621958300012
SIRION PATHFINDER-2
1 43759U 18099B   26211.05515088  .00004346  00000-0  23676-3 0  9993
2 43759  97.4228 259.0967 0009887 143.0158 217.1758 15.14889128419118
MEGSAT 1
1 26546U 00057B   26211.31877895  .00002712  00000-0  19549-3 0  9998
2 26546  64.5504 290.8757 0043477 279.0773  80.5425 15.05707544404153
FARADAY_PHOENIX
1 48924U 21059AX  26211.07355639  .00421476  73771-4  10560-2 0  9991
2 48924  97.6708  54.3408 0003839 186.6114 173.5111 15.95696329284457
DEMO8(TENZING)
1 48951U 21059CA  26210.82013664  .00022296  00000-0  31473-3 0  9997
2 48951  97.6999  47.5345 0006815 176.5164 183.6139 15.56572352283933
SPARTAN
1 48964U 21059CP  26211.09774221  .00142540  00000-0  50323-3 0  9994
2 48964  97.6682  56.7814 0003054 147.8757 212.2701 15.88720973284721
FENGYUN 3D
1 43010U 17072A   26212.19397398  .00000454  00000-0  23647-3 0  9995
2 43010  99.0158 187.4192 0000702 329.8585  30.2549 14.19748817451231
FENGYUN 3E
1 49008U 21062A   26212.17300597 -.00000086  00000-0 -19594-4 0  9995
2 49008  98.7507 215.0936 0001458   8.3729 351.7471 14.19907436262824
ISS (NAUKA)
1 49044U 21066A   26212.11974625  .00008690  00000-0  16406-3 0  9997
2 49044  51.6317  82.6819 0007117 356.3115   3.7820 15.49277094578402
ELEKTRO-L 3
1 44903U 19095A   26208.72319359 -.00000093  00000-0  00000-0 0  9994
2 44903   0.3570  82.4956 0001737  26.1034 173.1368  1.00272111 24117
NOAA 20
1 43013U 17073A   26212.05520816  .00000037  00000-0  38644-4 0  9998
2 43013  98.7775 151.1297 0001833 106.3348 253.8030 14.19518996450690
ANGELS
1 44876U 19092D   26117.66670223  .09102593  25597-5  62771-3 0  9997
2 44876  97.3862 337.5251 0009038 257.4278 102.6011 16.40735846354431
PROBA 1
1 26958U 01049B   26212.14148368  .00002440  00000-0  15939-3 0  9992
2 26958  97.9604 222.2158 0053969 336.0800  23.7920 15.07681554350240
CUPID
1 49264U 21088E   26211.72384186  .00007574  00000-0  29188-3 0  9999
2 49264  97.3841 272.4203 0010163 269.0677  90.9398 15.26573247266821
ZHUHAI-1 OHS-02
1 43441U 18040C   26212.21096932  .00007911  00000-0  30521-3 0  9996
2 43441  97.0355 233.8261 0011308  78.7438 281.5072 15.26484883120997
PERSEUS M1
1 40039U 14033AF  26211.85552492  .00001935  00000-0  17878-3 0  9991
2 40039  97.9657 156.7116 0012365 146.1501 214.0511 14.95757015657166
ORBCOMM FM 36
1 25984U 99065E   26211.70062049  .00000899  00000-0  33267-3 0  9997
2 25984  45.0400 313.0031 0004961 202.2945 157.7689 14.39274771393258
DMSP 5D-2 F15 (USA 147)
1 25991U 99067A   26212.19895346  .00000113  00000-0  78160-4 0  9996
2 25991  98.9941 251.2987 0009050 233.3916 199.3051 14.17576441376883
GEOSAT
1 15595U 85021A   26211.84522804  .00000138  00000-0  86819-4 0  9994
2 15595 108.0415 172.2955 0002116 292.1661  67.9256 14.39986194169054
FORTE
1 24920U 97047A   26211.31501061  .00000144  00000-0  81186-4 0  9990
2 24920  69.9530 276.6064 0023840 224.9052 135.0142 14.27960558504847
LEMUR 2 FURIAUS
1 42840U 17042R   26211.28508976  .00017188  00000-0  56494-3 0  9995
2 42840  97.3780  29.6147 0005721 265.3468  94.7120 15.31598019494802
ZHUHAI-1 OVS-02
1 43440U 18040B   26212.18572888  .00007985  00000-0  31692-3 0  9991
2 43440  97.0379 226.8193 0005815  99.1610 261.0287 15.25579345459424
3CAT-5/A (TYVAK-0161)
1 46292U 20061W   26212.03864169  .00017713  00000-0  34727-3 0  9997
2 46292  97.2372 274.9116 0001098  49.7954 310.3392 15.47419349327809
3CAT-5/B (TYVAK-0162)
1 46293U 20061X   26211.98144383  .00019284  00000-0  35865-3 0  9999
2 46293  97.2367 275.9263 0000961  34.1282 326.0031 15.48923750327832
SEAHAWK-1
1 43820U 18099BQ  26211.69266287  .00009566  00000-0  40343-3 0  9995
2 43820  97.3927 263.5273 0009319 147.4691 212.7122 15.23479079419152
GLOBAL-4
1 44499U 19054E   26211.69490183  .00067551  00000-0  57089-3 0  9997
2 44499  45.0063 344.5637 0007154 290.6837  69.3295 15.68890943387188
TIANQI-6
1 46810U 20076D   26212.11838028  .00003503  00000-0  22793-3 0  9995
2 46810  34.9983 138.7877 0010691 202.4101 157.6142 15.07447408315213
WNISAT 1R
1 42835U 17042L   26211.86579969  .00001659  00000-0  13129-3 0  9997
2 42835  97.4798   6.4240 0008872   9.0402 351.0981 15.01897167493068
FORMOSAT7-3/COSMIC2-3
1 44343U 19036E   26211.26938962  .00003880  00000-0  21131-3 0  9994
2 44343  23.9982 241.9601 0001080  81.4410 278.6216 15.10093346389760
FORMOSAT7-1/COSMIC2-1
1 44349U 19036L   26211.05152121  .00002730  00000-0  20761-3 0  9993
2 44349  23.9981 103.3751 0000518 342.0182  18.0300 14.96668460391085
FORMOSAT7-2/COSMIC2-2
1 44351U 19036N   26212.09657539  .00002417  00000-0  18085-3 0  9992
2 44351  23.9971 212.7574 0000633  25.1042 334.9489 14.96665276390176
FORMOSAT7-6/COSMIC2-6
1 44353U 19036Q   26211.76273604  .00003044  00000-0  23437-3 0  9998
2 44353  23.9991  35.8145 0000771 245.5800 114.4620 14.96676707388357
FORMOSAT7-5/COSMIC2-5
1 44358U 19036V   26210.67366003  .00003042  00000-0  23440-3 0  9990
2 44358  24.0003 341.9181 0000414  39.9798 320.0733 14.96651835388720
TYVAK-0172
1 46267U 20059C   26096.83989262  .14635205  28105-5  16297-2 0  9995
2 46267  97.7020 342.8884 0007965 229.9948 130.0651 16.37139113307583
NAPA-1
1 46320U 20061BA  26211.15691225  .00096209  00000-0  66085-3 0  9991
2 46320  97.2424 286.9324 0002389 167.7694 192.3629 15.74394520328488
TYVAK-0173
1 48892U 21059P   26211.74905737  .00001795  00000-0  23010-3 0  9993
2 48892  96.0061 277.2754 0007470 233.7331 126.3197 14.82014941274690
MANDRAKE 2 ABLE
1 48907U 21059AE  26211.97332198  .00021579  00000-0  30329-3 0  9993
2 48907  97.7020  45.1533 0004986 173.3512 186.7809 15.56710397283933
TYVAK-0130
1 48606U 21041BF  26211.15339992  .00007184  00000-0  27093-3 0  9999
2 48606  52.9918 186.4618 0008608 312.3401  47.6867 15.28105919286959
TYVAK-182A
1 48271U 21034D   26211.97304602  .00005583  00000-0  38158-3 0  9994
2 48271  97.5697 270.1334 0006278 167.0704 193.0686 15.06528577286426
MANDRAKE 2 BAKER
1 48908U 21059AF  26211.06504216  .00029015  00000-0  33675-3 0  9996
2 48908  97.6974  47.3584 0003867 165.5753 194.5615 15.61736987283984
Z-SAT
1 49399U 21102E   26212.15338266  .00004077  00000-0  19960-3 0  9993
2 49399  97.3304 246.1445 0018392  93.7556 266.5782 15.18581064260111
TEIKYOSAT-4 (OORURI)
1 49396U 21102B   26211.07382524  .00001882  00000-0  12054-3 0  9994
2 49396  97.3659 238.8901 0013107 139.5019 220.7189 15.09646740259190
OBJECT D
1 49398U 21102D   26211.90872521  .00010668  00000-0  35302-3 0  9992
2 49398  97.3170 253.5437 0009930  58.6700 301.5512 15.31460753260716
KOSEN-1
1 49402U 21102H   26211.91206955  .00007836  00000-0  29364-3 0  9995
2 49402  97.3158 253.2301 0014854  58.2794 301.9891 15.27427923260693
XW-3 (CAS 9)
1 50466U 21131B   26212.20462058  .00000453  00000-0  15356-3 0  9994
2 50466  98.4992 304.3567 0003554 344.5097  15.5983 14.41394290241455
PROBA V
1 39159U 13021A   26212.18752703  .00000042  00000-0  36434-4 0  9990
2 39159  98.3622 188.6296 0004500  20.7326 339.4035 14.23606058687371
PROBA 2
1 36037U 09059B   26211.22499980  .00000186  00000-0  53822-4 0  9996
2 36037  98.2466  33.9853 0014016 143.4674 216.7482 14.54879552887786
SMAP
1 40376U 15003A   26212.18211802  .00000375  00000-0  81640-4 0  9993
2 40376  98.1293 218.6569 0001356  86.4731 273.6626 14.63342546614051
HAIYANG 1B
1 31113U 07010A   26212.19435694  .00000077  00000-0  44865-4 0  9996
2 31113  98.3531 192.3402 0014787  72.4561 287.8237 14.31036895  6938
HYPSO-1
1 51053U 22002BX  26211.29346771  .00090864  00000-0  54444-3 0  9992
2 51053  97.2797 294.2977 0003487 168.9780 191.1564 15.77544031253697
BRO-5
1 51061U 22002CF  26212.12871021  .00014420  00000-0  26463-3 0  9999
2 51061  97.2970 286.2511 0006802 149.8574 210.3070 15.49347776253059
ION SCV-004
1 50993U 22002K   26211.70837525  .00005495  00000-0  18677-3 0  9996
2 50993  97.2805 268.5532 0007113 184.3314 175.7867 15.30848809251955
AIST 2
1 39133U 13015D   26212.15075215  .00005077  00000-0  19957-3 0  9991
2 39133  64.8689 113.5305 0016384 249.0375 110.9003 15.26724799730615
OBJECT V
1 52751U 22057V   26212.17860954  .00008953  00000-0  23528-3 0  9997
2 52751  97.6678   2.4127 0004432 306.6210  53.4626 15.38840856232474
ION SCV-006
1 52761U 22057AF  26212.11954924  .00012097  00000-0  24662-3 0  9997
2 52761  97.6152   2.8937 0015544 318.2500  41.7562 15.46256937232909
OBJECT D
1 43834U 18102D   26211.85901696  .00000795  00000-0  64452-5 0  9997
2 43834  97.3411 303.2089 0003998 226.2913 133.8021 15.74295105424106
OBJECT C
1 44312U 19032C   26212.13288446  .00013061  00000-0  40374-3 0  9990
2 44312  44.9744 114.9119 0006787 208.2003 151.8515 15.33528067394582
KAZEOSAT 1
1 39731U 14024A   26212.15106912 -.00000002  00000-0  12467-4 0  9999
2 39731  98.3191 283.4983 0001172  89.7577 270.3747 14.42042133644892
GLOBAL-2
1 43812U 18099BG  26211.05038494  .00003664  00000-0  23609-3 0  9992
2 43812  97.3535 245.7819 0006154  23.8481 336.3032 15.08903834418374
BRITE TORONTO
1 40020U 14033L   26211.86126214  .00001141  00000-0  17784-3 0  9996
2 40020  97.9791 339.9972 0079525 136.4257 224.3269 14.72754600648640
BRITE-PL 2
1 40119U 14049B   26211.88794278  .00001393  00000-0  13355-3 0  9994
2 40119  97.9131 324.2363 0013161 329.7088  30.3370 14.94735392647975
SHERPA-AC1
1 52763U 22057AH  26212.15500278  .00006387  00000-0  17981-3 0  9993
2 52763  97.6740   3.2460 0006060 300.4090  59.6554 15.36828543232456
HILAT
1 14154U 83063A   26212.06676418  .00000331  00000-0  10181-3 0  9997
2 14154  82.0252 120.2365 0039596 155.6813 333.8178 14.38736032253893
AII-BRAVO
1 48270U 21034C   26211.67649727  .00004235  00000-0  31241-3 0  9999
2 48270  97.5602 265.5984 0007918 112.4855 247.7210 15.03787794286158
LEMUR 2 KADI
1 43184U 18014E   26155.55157302  .12960309  26026-5  47900-3 0  9995
2 43184  97.4333  87.1754 0013292 239.3082 120.6910 16.42905433459090
OMNI-L2
1 52771U 22057AR  26211.75616419  .00001437  00000-0  18941-3 0  9990
2 52771  97.4689 271.1829 0007039 167.7938 192.3448 14.81473694226847
BRO-6
1 52422U 22047AE  26212.17085199  .00049655  00000-0  76959-3 0  9991
2 52422  97.3391 304.1675 0004204 237.6641 122.4206 15.53863690237975
OBJECT L
1 44889U 19093L   26212.10457539  .00003869  00000-0  36113-3 0  9995
2 44889  97.7543 289.8484 0010002 263.1512  96.8571 14.94743409358362
OBJECT H
1 44886U 19093H   26212.17424620  .00002497  00000-0  23151-3 0  9998
2 44886  97.8007 300.1140 0010410 278.9159  81.0883 14.95343517358757
OBJECT F
1 44315U 19032F   26116.08672172  .07634054  10452-4  95146-3 0  9994
2 44315  44.9557 153.4418 0002336  17.0554 343.0447 16.35144130381404
CBERS 2B
1 32062U 07042A   26211.83224676  .00000186  00000-0  70392-4 0  9996
2 32062  98.3936 155.7246 0030406 201.3253 213.3259 14.41495115990976
PEGASUS R/B
1 22491U 93009C   26211.24394778  .00000758  00000-0  11642-3 0  9992
2 22491  24.9763 179.0540 0043823 211.0031 148.7890 14.58014737775922
NOAA 2 (ITOS-D)
1 06235U 72082A   26211.07215360 -.00000028  00000-0  11905-3 0  9991
2 06235 102.0077 230.1130 0004571  89.7843 338.5585 12.53216464460327
DMC 2
1 35683U 09041C   26212.15249117  .00001006  00000-0  15303-3 0  9994
2 35683  97.8892 346.0582 0001857  89.8192 270.3230 14.76093264913053
DMC 3-FM1
1 40715U 15032A   26212.18296973  .00001098  00000-0  13226-3 0  9991
2 40715  97.6403  75.6213 0003959 271.3597  88.7165 14.85784561596444
DMC 3-FM2
1 40716U 15032B   26212.13748575  .00000922  00000-0  11194-3 0  9994
2 40716  97.6457  77.1813 0004479 279.5185  80.5524 14.85792017596431
DMC 3-FM3
1 40717U 15032C   26212.16113554  .00000064  00000-0  13271-4 0  9997
2 40717  97.6506  78.9845 0003778 280.2296  79.8494 14.85776745596442
SSTL S1-4
1 43618U 18071A   26212.16073373  .00000523  00000-0  51205-4 0  9999
2 43618  97.4963  81.9325 0002155  71.1194 289.0261 14.96227853429512
MOHAMMED VI-B
1 43717U 18095A   26212.20916012  .00000095  00000-0  20572-4 0  9993
2 43717  97.9542 283.9219 0001769  83.5942 276.5469 14.77097816414680
MOHAMMED VI-A
1 43005U 17070A   26212.17522870  .00000952  00000-0  14203-3 0  9991
2 43005  97.9543 283.8956 0001441 100.4914 259.6458 14.77069924470471
OBJECT S
1 51840U 22019S   26121.31511215  .17660270  25644-5  15609-3 0  9992
2 51840  97.3405 219.2395 0012643 277.8999  82.0872 16.51358146232864
CARBONITE 1
1 40718U 15032D   26212.15524987  .00001148  00000-0  14472-3 0  9990
2 40718  97.6526  28.3892 0015171 145.1663 215.0548 14.83713215595863
STEP CUBE LAB-II
1 52897U 22065D   26212.17115432  .00000620  00000-0  12935-3 0  9994
2 52897  98.2281 355.9516 0007318 243.6702 116.3749 14.63364295217936
RANDEV
1 52898U 22065E   26212.22892755  .00000872  00000-0  17662-3 0  9992
2 52898  98.2265 356.3806 0006644 243.3400 116.7122 14.63755226217699
SNUGLITE-II
1 52899U 22065F   26211.89809056  .00000920  00000-0  18317-3 0  9999
2 52899  98.2259 356.6661 0006317 241.5383 118.5183 14.64420209217397
AISSAT 1
1 36797U 10035C   26211.71084625  .00002017  00000-0  17826-3 0  9993
2 36797  98.0860 112.4832 0007853 274.5248  85.5076 14.97527142870739
STARLINK-2342
1 47883U 21021Z   26212.21242000  .00664068  23329-3  82112-3 0  9999
2 47883  53.1445 284.1093 0014514 351.7158   8.3634 16.07050010298919
MIMAN
1 52900U 22065G   26211.85396140  .00000528  00000-0  11518-3 0  9993
2 52900  98.2319 354.1308 0006415 245.3075 114.7458 14.61886842216823
YOUTHSAT
1 37388U 11015B   26211.88137336  .00000153  00000-0  81868-4 0  9992
2 37388  98.3718 183.9733 0013731 209.5470 213.0411 14.25646163793866
IRS 1B
1 21688U 91061A   26211.92319501 -.00000206  00000-0 -11214-3 0  9996
2 21688  99.4127 220.9625 0023609 243.6628 176.9580 13.97881942674607
EXPLORER 50 (IMP-8)
1 06893U 73078A   25196.57914163 -.00001058  00000+0  00000+0 0  9993
2 06893   9.0739 118.5325 1991774 108.5150   0.8671  0.08284795 11624
GOES 17
1 43226U 18022A   26211.86567343 -.00000178  00000-0  00000+0 0  9990
2 43226   1.0441  85.0294 0000793  75.8007   9.8154  1.00271479 30868
ATS 5
1  4068U 69069A   26211.86780791  .00000000  00000-0  00000+0 0  9995
2  4068   0.3185 132.8037 0005376 141.2616   5.5502  0.99494081 46767
OBJECT C
1 53107U 22080C   23025.30817819 -.00000003  00000-0  00000-0 0  9991
2 53107  70.1748   9.4735 0013378 210.3558 149.6328  6.42110577 12479
AVUM R/B
1 53109U 22080E   26211.13994565 -.00000003  00000-0  00000-0 0  9998
2 53109  70.1369 283.3100 0009099 280.0730  79.8903  6.42583421 94824
CELESTA
1 53111U 22080G   23145.85382453 -.00000003  00000-0  00000+0 0  9999
2 53111  70.6593 327.3289 0101863  79.9078 281.3061  6.46589524 20200
MT-CUBE-2
1 53106U 22080B   25119.54530882 -.00000003  00000-0  00000+0 0  9993
2 53106  70.1441  82.5809 0008360  32.9040 327.2139  6.42557753 65597
TRISAT-R
1 53108U 22080D   25164.43750000  .00000000  00000-0  00000-0 0    09
2 53108  70.1723  68.0769 0013203  29.9127  11.4181  6.42152585    08
ALPHA
1 53110U 22080F   22249.50115603 -.00000003  00000-0  00000+0 0  9995
2 53110  70.1887  58.2730 0239395 148.5037 284.5041  6.42698116  3412
LARES-2
1 53105U 22080A   26209.33325942 -.00000005  00000-0  00000-0 0  9992
2 53105  70.1524 291.2163 0005492 327.0922  32.9515  6.38965172 94290
VIGORIDE 3
1 52760U 22057AE  26211.91098297  .00005142  00000-0  19281-3 0  9999
2 52760  97.6664 353.0706 0007538 340.2141  19.8804 15.27694536231837
COSMOS 2499
1 39765U 14028E   26212.18545480  .00000022  00000-0  49779-4 0  9997
2 39765  82.4462 222.7367 0230284 258.2823  99.2360 12.82903738570662
SAUDISAT 4
1 40016U 14033G   26211.87436106  .00000542  00000-0  78241-4 0  9996
2 40016  97.7641 356.5136 0043354 291.8901  67.7704 14.79591162652532
SAUDISAT 2
1 28371U 04025F   26211.92114757  .00000229  00000-0  62199-4 0  9994
2 28371  98.5530 213.0381 0025102 159.7424 200.4775 14.56706050172114
HIBER-2
1 43774U 18099S   26028.96940761  .08639631  25068-5  13938-2 0  9990
2 43774  97.4270 113.4809 0009314 286.8843  73.1432 16.33569322393452
YAM-3
1 48915U 21059AN  26211.93009032  .00011351  00000-0  20808-3 0  9994
2 48915  97.6984  41.7764 0005020 176.4612 183.6674 15.49468799283768
TIROS N
1 11060U 78096A   26211.91446687  .00000095  00000-0  64789-4 0  9997
2 11060  98.4530 230.9859 0011572 113.3327 246.9068 14.19386469684959
TIROS 10
1  1430U 65051A   26211.90734865  .00000109  00000-0  46792-4 0  9991
2  1430  98.5083 331.0563 0054274 308.5557  51.0775 14.41643821202215
OBJECT G
1 44316U 19032G   26212.14380477  .00008287  00000-0  30787-3 0  9993
2 44316  44.9699 180.8542 0008954 139.0842 221.0714 15.27998303393809
SECOR 7 (EGRS 7)
1 02411U 66077B   26211.15646198  .00000030  00000-0  13903-1 0  9996
2 02411  90.3340 277.9490 0010703  16.6761 343.4441  8.59615190881076
SECOR 13 (EGRS 13)
1 03891U 69037B   26211.16773113 -.00000017  00000-0  44392-4 0  9992
2 03891  99.6420  80.7771 0039922 144.8136 337.7202 13.42978435807527
OMNI-L1
1 52157U 22033A   26212.04098248  .00002003  00000-0  25350-3 0  9991
2 52157  97.8381 290.3668 0006423 132.5252 227.6505 14.82897116233953
KHAYYAM
1 53370U 22096A   26212.16202355  .00004311  00000-0  16957-3 0  9994
2 53370  97.3394 115.6031 0001412 105.4175 254.7220 15.26178436221294
FENGYUN 1D
1 27431U 02024B   26211.78247345  .00000110  00000-0  86845-4 0  9994
2 27431  98.9493 261.9078 0016353 118.6530 241.6287 14.10229648245622
STARLINK-3100
1 49144U 21082Q   26211.76805705 -.00000154  00000-0 -50929-5 0  9997
2 49144  69.9997 293.6955 0003480 270.4573  89.6187 14.98330361267412
STARLINK-4410
1 53204U 22084R   26211.73485400 -.00000313  00000-0 -63512-5 0  9994
2 53204  97.5810 274.3568 0001061 101.0008 259.1355 15.36961040221706
STARLINK-4400
1 53468U 22099D   26211.90801840  .00001129  00000-0  82166-4 0  9990
2 53468  97.2856 328.5671 0001792 102.1470 257.9958 15.05644363217520
STARLINK-4621
1 53676U 22105AE  26211.71139590 -.00000278  00000-0 -15397-4 0  9992
2 53676  97.2840  88.3980 0002227  90.5291 269.6192 15.05653175214756
STARLINK-4362
1 53043U 22077A   26211.06480855  .00000341  00000-0  27526-4 0  9995
2 53043  97.2858  27.6912 0001457  92.8550 267.2844 15.05639812222334
BLUEWALKER 3
1 53807U 22111AL  26212.22304848  .00005913  00000-0  16201-3 0  9995
2 53807  53.2273 187.1539 0005217 330.8067  29.2646 15.38781171216980
OTB-3-GAZELLE
1 54023U 22127A   26211.89257381  .00000142  00000-0  55693-4 0  9992
2 54023  98.3974 202.9376 0014287  59.6958 300.5643 14.42689257200662
KSM1-A
1 46912U 20081H   26212.18920251  .00008351  00000-0  31491-3 0  9992
2 46912  36.8940 149.8850 0004033 296.7220  63.3116 15.26593819315904
KSM1-B
1 46914U 20081K   26212.16848065  .00007655  00000-0  30236-3 0  9996
2 46914  36.9009 157.8668 0006420 277.4238  82.5781 15.25082937318903
KSM1-C
1 46906U 20081B   26212.16290659  .00008633  00000-0  31746-3 0  9991
2 46906  36.8936 147.3121 0004007 248.4744 111.5578 15.27411558315898
OBJECT D
1 51827U 22019D   26212.16068146  .00119469  00000-0  67364-3 0  9991
2 51827  97.3648 307.2878 0003432 268.6949  91.3925 15.78827962246627
SHERPA-LTC2
1 53754U 22107BG  26211.84094946  .00003085  00000-0  16601-3 0  9995
2 53754  53.2357  35.4894 0393591 348.5566  10.6652 14.70018229208960
OSCAR 16 (PACSAT)
1 20439U 90005D   26211.72565699  .00000129  00000-0  62662-4 0  9991
2 20439  98.8504 248.4218 0011702 103.0883  14.4922 14.33949103908171
OBJECT D
1 44882U 19093D   26212.18648980  .00006208  00000-0  43287-3 0  9998
2 44882  97.7948 307.4143 0012494 228.1105 131.9056 15.05712252359230
WREN
1 39435U 13066V   14099.35188471  .00002386  00000-0  27506-3 0  9992
2 39435  97.7868 174.0379 0056077 109.7041 251.0236 14.85489138 20584
COSMOS 2463
1 36519U 10017A   26211.08142839  .00000038  00000-0  24819-4 0  9999
2 36519  82.9578 218.1881 0036428  13.4181  46.0839 13.71667956813817
COSMOS 2414
1 28521U 05002A   26211.86346836  .00000077  00000-0  51330-4 0  9991
2 28521  82.9505  10.6005 0039564 202.9918 156.9476 13.87930267 89875
COSMOS 2407
1 28380U 04028A   26211.91303602  .00000052  00000-0  36777-4 0  9992
2 28380  82.9582  42.4405 0040277 128.8352 343.4565 13.76337639105896
KSM1-D
1 46907U 20081C   26212.15881338  .00007397  00000-0  29047-3 0  9998
2 46907  36.8951 157.2144 0005001 258.3674 101.6514 15.25300163315817
OBJECT H
1 53451U 22098H   26117.57590324  .09658889  26632-5  28822-3 0  9993
2 53451  97.5482 255.1474 0012673 271.4877  88.4972 16.44056768207372
IRIDIUM 116
1 43072U 17083C   26212.09938831  .00000143  00000-0  43833-4 0  9992
2 43072  86.3984 303.6479 0002555  92.6588 267.4900 14.34218710450461
IRIDIUM 113
1 42803U 17039A   26211.77591669  .00000020  00000-0  20512-6 0  9997
2 42803  86.3990 303.9637 0002125  94.2709 265.8730 14.34217590477438
IRIDIUM 130
1 43073U 17083D   26211.78860220  .00000034  00000-0  51902-5 0  9990
2 43073  86.3994 304.0575 0002438  97.9855 262.1617 14.34217702450366
OBJECT T
1 51841U 22019T   26155.99859174  .08863804  25266-5  38933-3 0  9996
2 51841  97.3498 253.9130 0015819 261.5810  98.3697 16.41716669238205
OBJECT R
1 51839U 22019R   26157.35070802  .08475770  25153-5  75233-3 0  9998
2 51839  97.3544 255.4419 0013577 264.5878  95.3872 16.38904555238411
OBJECT M
1 51835U 22019M   26120.80150797  .14453301  25711-5  16849-3 0  9997
2 51835  97.3515 218.7383 0014909 270.1758  89.7838 16.49258376232763
OBJECT L
1 51834U 22019L   26094.86293574  .04742356  24575-5  11271-2 0  9993
2 51834  97.3534 192.0232 0009733 271.1205  88.8974 16.29530138228759
OBJECT H
1 51831U 22019H   26111.62901392  .08912270  25172-5  56557-3 0  9997
2 51831  97.3448 208.8638 0012686 268.1436  91.8411 16.40538195231320
OBJECT E
1 49007U 21061E   26120.95513259  .12078408  24990-5  26262-3 0  9990
2 49007  97.2686 201.7525 0014506 262.1565  97.8091 16.45518277268843
OBJECT D
1 49006U 21061D   26112.70189028  .15915864  25453-5  16153-3 0  9998
2 49006  97.2690 193.3521 0010540 259.1136 100.8983 16.50608492267561
JILIN-01 GAOFEN 3J
1 46462U 20065J   26131.24550622  .14462653  24832-5  20374-3 0  9998
2 46462  97.2084 192.2839 0012891 259.1496 100.8358 16.48268073314621
JILIN-01 GAOFEN 3H
1 46460U 20065G   26212.18845664  .00107473  00000-0  70497-3 0  9990
2 46460  97.2139 266.7541 0007661 160.7177 199.4380 15.75395215326797
JILIN-01 GAOFEN 3G
1 46459U 20065F   26212.03041175  .00161757  00000-0  81992-3 0  9994
2 46459  97.2193 270.5890 0008138 216.9657 143.1052 15.81032942326842
JILIN-01 GAOFEN 3F
1 46458U 20065E   26212.15810757  .00058515  00000-0  57490-3 0  9999
2 46458  97.2140 263.0485 0008497 353.3505   6.7641 15.65815627326575
JILIN-01 GAOFEN 3E
1 46457U 20065D   26212.17209928  .00072107  00000-0  60924-3 0  9991
2 46457  97.2180 265.9656 0006902   9.1951 350.9437 15.69513220326642
JILIN-01 GAOFEN 3B
1 46454U 20065A   26117.01126189  .16184280  25073-5  18480-3 0  9997
2 46454  97.1995 178.0186 0011164 251.7622 108.2468 16.49777179312423
ARKTIKA-M 1
1 47719U 21016A   26206.87236863 -.00000386  00000-0  00000-0 0  9995
2 47719  63.2598  51.9767 7301002 270.1217  14.4714  2.00607275 39564
EOS-6
1 54361U 22158A   26212.21080289  .00000257  00000-0  82654-4 0  9993
2 54361  98.3552 309.8225 0001282 146.3574 213.7700 14.46992327194208
CORIOLIS
1 27640U 03001A   26211.88534169  .00000085  00000-0  60575-4 0  9999
2 27640  98.7143 218.1055 0015214  87.4081 272.8837 14.19955691220423
CLOUDSAT
1 29107U 06016A   26212.17391168  .00000884  00000-0  10692-3 0  9992
2 29107  98.3906 251.8991 0005229 175.3363 184.7901 14.86472522 81041
ELEKTRO-L
1 37344U 11001A   26211.14507225  .00000062  00000-0  00000-0 0  9990
2 37344   9.7792  54.0571 0004228  40.2765 136.8305  1.00165207 56918
ELEKTRO-L 2
1 41105U 15074A   26211.88052796 -.00000114  00000-0  00000+0 0  9991
2 41105   6.7992  69.9792 0000648 208.2773 332.7872  1.00272667 38942
CENTISPACE-1 S6
1 54021U 22126B   26212.16626922  .00000534  00000-0  14184-3 0  9995
2 54021  54.9996  39.0323 0015113 157.9942 202.1704 14.62338379203438
CENTISPACE-1 S3
1 53757U 22108A   26212.18807602  .00000073  00000-0  52826-4 0  9992
2 53757  53.5312 233.3063 0010750 100.8443 259.3743 14.61294037207965
APRIZESAT 9
1 40018U 14033J   26211.91765726  .00000560  00000-0  89288-4 0  9999
2 40018  97.9116 344.0605 0067261  60.3880 300.4007 14.74270644650001
APRIZESAT 7
1 39416U 13066A   26211.82521881  .00001622  00000-0  16497-3 0  9997
2 39416  97.7732 164.4256 0037235  67.5921 292.9235 14.91655928687731
APRIZESAT 8
1 39425U 13066K   26211.86044984  .00000869  00000-0  99649-4 0  9998
2 39425  97.8238 158.7254 0046758 140.6969 219.7656 14.87720268686167
APRIZESAT 6
1 37793U 11044F   26211.70847536  .00000803  00000-0  12036-3 0  9997
2 37793  98.2321 123.0904 0041986 307.9526 111.7765 14.76978211803572
MATS
1 54227U 22147A   26212.04942610  .00002346  00000-0  16680-3 0  9994
2 54227  97.6836 213.4661 0014034  56.1013 304.1546 15.05586115204367
LYNK TOWER 3
1 55046U 23001AP  26211.71277356  .00011703  00000-0  32300-3 0  9999
2 55046  97.3172 271.7579 0006217 333.0861  27.0060 15.37217837198590
LYNK TOWER 4
1 55034U 23001AB  26211.69699859  .00007720  00000-0  23707-3 0  9994
2 55034  97.3168 270.2144 0006798 335.5591  24.5329 15.33977993198496
KUWAITSAT-1
1 55103U 23001CY  26211.76525523  .00023982  00000-0  40640-3 0  9998
2 55103  97.3229 283.3030 0006780 266.3147  93.7330 15.51503770199342
CONNECTA T1.2
1 55012U 23001D   26212.00251483  .00048111  00000-0  73780-3 0  9998
2 55012  97.3226 283.5658 0003653 282.9668  77.1178 15.54166050199349
BRO-8
1 55011U 23001C   26212.19520132  .00037687  00000-0  63092-3 0  9998
2 55011  97.3168 278.0877 0003565 324.3921  35.7093 15.51776093199022
HUYGENS
1 55093U 23001CN  26212.12376014  .00009058  00000-0  22308-3 0  9995
2 55093  97.3224 279.3937 0007337 285.0206  75.0228 15.40789151199132
OBJECT A
1 55009U 23001A   26212.19875052  .00015199  00000-0  33776-3 0  9999
2 55009  97.3140 276.8684 0003866 327.8285  32.2727 15.43764938199017
BIRKELAND
1 55015U 23001G   26212.12370234  .00008736  00000-0  21535-3 0  9990
2 55015  97.3321 280.2211 0004803 316.5179  43.5688 15.40789123199111
GUARDIAN ALPHA
1 70326C 23001AB  23003.66764859  .00091283  00000+0  51198-2 0    04
2 70326  97.5087  65.7870 0015886 214.5672 168.9126 15.13313322    12
SPHERE-1
1 70329C 23001AE  23003.66784188  .00089600  00000+0  50543-2 0    07
2 70329  97.5093  65.7875 0015070 215.7489 168.7815 15.13120024    19
SKYKRAFT-1A
1 55054U 23001AX  26211.97291550  .00005235  00000-0  18454-3 0  9995
2 55054  97.3188 268.6723 0008708 347.2430  12.8589 15.29670774198411
ORBITER SN1
1 70377C 23001CE  23003.68208725  .00066625  00000+0  37949-2 0    07
2 70377  97.5052  65.8019 0012930 216.4030 245.6566 15.12806539    19
EOSSAT-1
1 55053U 23001AW  26211.14088243  .00005079  00000-0  15681-3 0  9991
2 55053  97.3212 271.3766 0007977 333.0564  27.0264 15.33978952198506
ION SCV-008
1 55051U 23001AU  26211.82905854  .00006983  00000-0  24965-3 0  9990
2 55051  97.5723 308.8932 0013942 213.0092 147.0279 15.29053837198001
ION SCV-007
1 55060U 23001BD  26211.74177635  .00000475  00000-0  73585-4 0  9992
2 55060  97.8979 273.8869 0012090 188.5929 171.5076 14.77588839192687
VIGORIDE 5
1 55056U 23001AZ  26211.78060175  .00073236  00000-0  72625-3 0  9999
2 55056  97.3198 284.8568 0003520  26.6254 333.5186 15.65565371199479
YAM-5
1 55076U 23001BV  26212.04718161  .00010966  00000-0  28207-3 0  9994
2 55076  97.3169 275.0434 0006921 317.7524  42.3188 15.39408041198854
MENUT (GENEO)
1 70309C 23001J   23003.66403400  .00096558  00000+0  56818-2 0    01
2 70309  97.5066  65.7823 0009655 230.0594 133.7523 15.11657802    14
SAUDISAT 5A
1 43831U 18102A   26212.16472076  .00005548  00000-0  20270-3 0  9993
2 43831  97.3037 272.9028 0008764 348.5793  11.5247 15.28469430422396
SAUDISAT 5B
1 43833U 18102C   26212.17648453  .00005141  00000-0  18666-3 0  9995
2 43833  97.3148 276.0637 0009564 350.1102   9.9948 15.28704377422519
EPIC CHIMERA LEO 1
1 88310U          23005.58241233 +.00008746 +00000+0 +51053-3 0  0002
2 88310  97.5034  67.6665 0010472 213.2239 146.8336 15.12121087 00045
NEWSAT 32
1 70365C 23001BS  23003.67778169  .00074297  00000+0  42091-2 0    05
2 70365  97.5065  65.7992 0013615 219.8639 218.7610 15.12989524    19
CONTINUUM-1
1 55045U 23001AN  26212.17019387  .00011929  00000-0  38851-3 0  9994
2 55045  97.3329 274.7443 0006489 290.1958  69.8586 15.31974291198985
NEWSAT 33
1 70369C 23001BW  23003.67920993  .00072235  00000+0  41485-2 0    09
2 70369  97.5055  65.7926 0013201 209.1298 237.2829 15.12505598    16
NEWSAT 35
1 70374C 23001CB  23003.68111271  .00069596  00000+0  39934-2 0    09
2 70374  97.5055  65.8006 0012572 211.6533 245.1041 15.12545124    15
CZ-4C R/B
1 52085U 22027B   26212.17605919 -.00000030  00000-0  66466-4 0  9990
2 52085  63.3943 301.8132 0236306  22.4908 338.6283 13.65482130218044
OBJECT F
1 44884U 19093F   26212.12459098  .00005223  00000-0  41322-3 0  9998
2 44884  97.7908 302.0989 0014060 251.1234 108.8465 15.00992905359010
OBJECT F
1 54687U 22167F   26199.75650564  .07709499  26771-5  46652-3 0  9992
2 54687  97.5939  32.2115 0011495 265.3431  94.6556 16.40917510201891
ETV-A1
1 51060U 22002CE  26212.16652492  .00011544  00000-0  27671-3 0  9997
2 51060  97.2850 278.3643 0005531 166.5818 193.5577 15.41549931252612
GAOFEN 6
1 43484U 18048A   26212.19103677  .00000267  00000-0  45886-4 0  9991
2 43484  98.0948 274.9291 0011490  35.5590 324.6383 14.76399946439888
GAOFEN 7
1 44703U 19072A   26212.20431416  .00003986  00000-0  18225-3 0  9998
2 44703  97.5690 273.0183 0016991 251.4963 108.4426 15.21023761374339
CBERS 4A
1 44883U 19093E   26212.19538808  .00000393  00000-0  56952-4 0  9990
2 44883  98.0174 279.6683 0002180 113.7573 246.3868 14.81467748357593
NINGXIA-1 1
1 44779U 19076A   26211.86220160 -.00000090  00000-0  25712-4 0  9992
2 44779  45.0084 344.6725 0010709 358.6348   1.4455 14.02110310343988
ZY 3 2
1 41556U 16033A   26212.19316088  .00005032  00000-0  22780-3 0  9995
2 41556  97.3817 287.1170 0014180 134.7348 225.5044 15.21250612564673
HJ-2E
1 54035U 22132A   26212.25071626  .00007426  00000-0  31819-3 0  9993
2 54035  97.3809 215.8542 0019088 209.0952 150.9222 15.22894867211125
LT-1 01A
1 51284U 22007A   26212.21477046  .00000577  00000-0  68111-4 0  9995
2 51284  97.8114 219.0113 0001602  90.6405 269.4996 14.88409119245025
ICEYE-X6
1 46497U 20068M   26212.21599281  .00002878  00000-0  20904-3 0  9999
2 46497  98.0988 208.0036 0006053 310.8126  49.2574 15.04735110319852
ASNARO-2
1 43152U 18007A   26212.15773137  .00007887  00000-0  34445-3 0  9991
2 43152  97.3977 218.3992 0001724  91.3672 268.7762 15.22384109474104
EGYPTSAT A
1 44047U 19008A   26212.18165311  .00000214  00000-0  41690-4 0  9997
2 44047  98.0174 276.3487 0001762  84.2966 275.8442 14.72350966399712
SUPERVIEW-1 03
1 43099U 18002A   26212.15545841  .00016458  00000-0  39032-3 0  9996
2 43099  97.3124 296.9661 0045221  24.3812 335.9560 15.40711792475134
HODOYOSHI 4
1 40011U 14033B   26212.14224644  .00002081  00000-0  22994-3 0  9997
2 40011  97.5461  34.8485 0024040 156.0542 204.1799 14.88229390655346
HYSIS
1 43719U 18096A   26212.19728038  .00000611  00000-0  90481-4 0  9993
2 43719  97.9821 278.5937 0001406  66.9377 293.1982 14.78638637413928
CFOSAT
1 43662U 18083A   26212.17309637  .00003248  00000-0  17065-3 0  9999
2 43662  97.3620 215.4117 0000584  44.2090 315.9190 15.16384436429102
COSMOS 2561
1 54109U 22137A   26212.19258539  .00013904  00000-0  22603-3 0  9992
2 54109  96.9148 269.5727 0009035 210.2157 149.8577 15.52748621213177
SHARJAHSAT-1
1 55104U 23001CZ  26212.08040262  .00020226  00000-0  35342-3 0  9998
2 55104  97.3135 281.4970 0003629 311.5265  48.5675 15.50690728199297
XINGYUN-2 01
1 45602U 20028A   26212.22069456  .00002203  00000-0  13197-3 0  9997
2 45602  97.4888 203.7583 0010835  58.2869 301.9417 15.11980610341494
ARCSAT-1
1 52161U 22033E   26211.78009860  .00011785  00000-0  17952-3 0  9994
2 52161  97.2757 304.7319 0005576  52.4850 307.6910 15.54635835242478
GLOBAL-13
1 49773U 21115BB  26211.99031578  .00018502  00000-0  36057-3 0  9994
2 49773  53.1948 206.1029 0000792  33.1257 326.9801 15.47610992262543
GLOBAL-12
1 49772U 21115BA  26212.23077891  .00026917  00000-0  38397-3 0  9997
2 49772  53.1930 192.3438 0003084 100.2143 259.9217 15.56121596262756
SKIF-D
1 54153U 22139D   26211.02679392  .00000024  00000-0  00000+0 0  9990
2 54153  89.9486  96.6554 0007538 181.2932 178.7899  5.00436189 66252
OBJECT J
1 51832U 22019J   26212.16678999  .00003113  00000-0  14486-3 0  9995
2 51832  97.3407 273.8388 0010331  78.6414 281.5982 15.20619157244482
HAIYANG 1D
1 45721U 20036A   26212.13521955  .00000230  00000-0  97556-4 0  9995
2 45721  98.4565 152.8622 0003585  37.0509 323.0923 14.34186726321278
TANSAT
1 41898U 16081A   26212.17943962  .00000384  00000-0  90369-4 0  9996
2 41898  98.5378 213.7420 0020512 169.4460 190.7174 14.59982100511040
SHIJIAN 6 03A (SJ-6 03A)
1 33408U 08053A   26212.16628207  .00003879  00000-0  19665-3 0  9996
2 33408  97.8389 247.0226 0010270 213.6071 146.4511 15.17554978969634
SJ-9A
1 38860U 12056A   26212.14935764  .00001170  00000-0  14056-3 0  9999
2 38860  97.6747 182.5213 0027001 111.3389 249.0713 14.85561308706117
KL-ALPHA A
1 44785U 19077A   26212.24536869 -.00000014  00000-0 -37315-4 0  9998
2 44785  88.9229 217.7449 0010789 352.8226   7.2772 13.56046398331709
GAOFEN 3
1 41727U 16049A   26212.20832310  .00000123  00000-0  50631-4 0  9998
2 41727  98.4021 219.3317 0001697  74.0092 286.1285 14.42220777524995
LEMUR 2 GREENBERG
1 42837U 17042N   26211.06632450  .00017182  00000-0  54724-3 0  9990
2 42837  97.3834  31.5378 0008094 200.9443 159.1468 15.32594728494951
HAIYANG 2D
1 48621U 21043A   26212.24773542 -.00000159  00000-0 -70637-4 0  9992
2 48621  65.9960 195.0029 0011540 264.1855  95.7898 13.83374663262646
GLOBAL-18
1 52196U 22034B   26211.86164826  .00022373  00000-0  42992-3 0  9993
2 52196  52.9809  47.6683 0004659  58.6446 301.5016 15.47876334243721
HAIYANG 1C
1 43609U 18068A   26212.19774117 -.00000089  00000-0 -16121-4 0  9999
2 43609  98.5175 283.8641 0010271 328.8486  31.2089 14.34129145413398
OBJECT A
1 53346U 22090A   26212.22693398  .00003113  00000-0  14202-3 0  9999
2 53346  97.3112 279.0801 0004699  45.3320 314.8298 15.21331743221503
CENTISPACE-1 S5
1 54020U 22126A   26212.01430840  .00000808  00000-0  19267-3 0  9991
2 54020  54.9994  37.5678 0013365 155.9827 204.1793 14.63083758203459
HAIYANG 2C
1 46469U 20066A   26212.19328064  .00000035  00000-0  10521-3 0  9999
2 46469  65.9978 105.7218 0006815 237.0280 123.0133 13.83374724295585
SDGSAT 1
1 49387U 21100A   26212.16293368  .00001278  00000-0  63569-4 0  9997
2 49387  97.2603 257.4288 0011177 113.6733 246.5676 15.19309267262590
ODIN
1 26702U 01007A   26212.53023013  .01520251  17338-2  14751-2 0  9995
2 26702  97.3635 257.0786 0009559 197.8440 162.2510 16.11950098396430
R2
1 46913U 20081J   26212.03009532  .00008325  00000-0  31897-3 0  9998
2 46913  36.8981 151.0772 0009657 288.3794  71.5904 15.26036416318687
GLOBAL-14
1 49469U 21106A   26211.98612297  .00028756  00000-0  45591-3 0  9993
2 49469  42.0039  30.3971 0018165 325.9584  34.0094 15.52602000264937
GLOBAL-9
1 47971U 21023G   26212.15110225  .00021189  00000-0  39822-3 0  9994
2 47971  44.9822   3.1201 0005253 260.7706  99.2591 15.48270186301752
GLOBAL-16
1 49950U 21120B   26211.94864377  .00027031  00000-0  43674-3 0  9993
2 49950  41.9934 152.6799 0013824 199.5108 160.5209 15.52182358261641
OBJECT P
1 54695U 22167P   26212.18251516  .00011090  00000-0  31755-3 0  9994
2 54695  97.6911  23.6100 0005179 331.5883  28.5076 15.36106052202145
OBJECT D
1 54254U 22155D   26186.25042549  .04646595  26402-5  79772-3 0  9992
2 54254  97.6143 342.1130 0012127 265.6441  94.3468 16.32834755203202
OBJECT J
1 53452U 22098J   26212.20038880  .00204090  00000-0  80996-3 0  9992
2 53452  97.5570 347.5832 0003485 204.3909 155.7197 15.86175989221743
OBJECT W
1 51844U 22019W   26122.21654317  .05241160  24727-5  95158-3 0  9995
2 51844  97.3487 219.1886 0012944 269.3704  90.6108 16.32236081232865
OBJECT K
1 53453U 22098K   26211.76476810  .00177156  00000-0  85427-3 0  9998
2 53453  97.5637 347.4691 0002150 208.4427 151.6724 15.82117319221625
JILIN-01 GAOFEN 3D 5
1 52390U 22046C   26113.45661189  .13701840  27051-5  25569-3 0  9990
2 52390  97.4814 232.7390 0010494 226.4735 133.5697 16.46858889222066
JILIN-01 GAOFEN 3D 28
1 52445U 22048C   26212.18750087  .00410990  71768-4  93145-3 0  9996
2 52445  97.5684 331.0007 0006540 245.1148 114.9449 15.97516150236503
JILIN-01 GAOFEN 3D 27
1 52444U 22048B   26212.19319429  .00257391  26199-4  88732-3 0  9995
2 52444  97.5750 330.5596 0005949 228.7313 131.3447 15.89531825236436
OBJECT H
1 54689U 22167H   26212.20732667  .00011126  00000-0  32686-3 0  9995
2 54689  97.6976  24.2416 0003710 329.2047  30.8978 15.35302937202114
OBJECT D
1 54685U 22167D   26212.16520381  .00011734  00000-0  32370-3 0  9999
2 54685  97.6929  25.1751 0001623   6.8712 353.2554 15.37265440202209
OBJECT E
1 54686U 22167E   26212.15886211  .00010631  00000-0  32047-3 0  9992
2 54686  97.6897  22.1351 0008283  22.7964 337.3644 15.34476462202064
EMISAT
1 44078U 19018A   26212.15553653  .00000048  00000-0  27042-4 0  9999
2 44078  98.4625 270.7068 0019685  86.1214 274.2226 14.43655175386407
IRS P6
1 28051U 03046A   26212.19310571  .00000017  00000-0  19593-4 0  9998
2 28051  98.1884 246.5484 0063377 209.1467 228.1110 14.36174759186843
RESOURCESAT 2
1 37387U 11015A   26212.14869552  .00000060  00000-0  47505-4 0  9990
2 37387  98.7620 279.2807 0012293 127.9022 232.3268 14.21602668792423
ORBCOMM FM 114
1 41179U 15081A   26212.01494697  .00000449  00000-0  13108-3 0  9993
2 41179  47.0039 154.7846 0002146  16.3351 343.7604 14.58903410564157
ORBCOMM FM 110
1 41182U 15081D   26211.18063786  .00000611  00000-0  16534-3 0  9992
2 41182  47.0010 158.1474 0003800 279.3930  80.6527 14.58939236563905
ORBCOMM FM 117
1 41188U 15081K   26211.33008707  .00000614  00000-0  16602-3 0  9996
2 41188  47.0026 336.8335 0002084  39.0087 321.0949 14.58917187566427
ORBCOMM FM 116
1 41189U 15081L   26211.03619551  .00000489  00000-0  13949-3 0  9990
2 41189  47.0024  68.0121 0001786 266.6266  93.4415 14.58923739565199
ORBCOMM FM 113
1 41185U 15081G   26211.95041679  .00000382  00000-0  11695-3 0  9995
2 41185  47.0009  63.6928 0001270  35.3798 324.7172 14.58897088565325
ORBCOMM FM 112
1 41184U 15081F   26211.01342813  .00000563  00000-0  15514-3 0  9990
2 41184  46.9993  67.7239 0002768  39.8340 320.2749 14.58957922565201
ORBCOMM FM 108
1 41187U 15081J   26210.74786626  .00000728  00000-0  18997-3 0  9997
2 41187  47.0064 340.9628 0001716  24.7974 335.2994 14.58930053566295
NPP
1 37849U 11061A   26212.18275507  .00000048  00000-0  43754-4 0  9997
2 37849  98.7959 152.7604 0001622 159.5011 200.6230 14.19525436764682
DMSP 5D-3 F18 (USA 210)
1 35951U 09057A   26212.19679463  .00000225  00000-0  13955-3 0  9997
2 35951  98.9073 192.8778 0012003 122.4185 237.8151 14.14920000865818
YAOGAN 10
1 36834U 10038A   26212.20925917  .00001017  00000-0  12421-3 0  9996
2 36834  97.8966 235.2632 0001508  80.8407   7.2371 14.85472405863743
OMNI-M1
1 26857U 01026A   26208.48606915  .00000020  00000-0  00000-0 0  9996
2 26857  44.8217 235.9752 0013437  59.7128 300.4767  3.92402457207157
OCEANSAT 2
1 35931U 09051A   26212.16351963  .00000360  00000-0  27144-3 0  9993
2 35931  98.2352 194.6254 0018113 108.6341 251.6794 13.99661924885487
RESOURCESAT 2A
1 41877U 16074A   26212.13018750 -.00000158  00000-0 -51895-4 0  9991
2 41877  98.7515 285.2705 0001461 344.4332  15.6800 14.21611247500541
BRO-9
1 56185U 23054H   26175.37906799  .07090794  24942-5  71735-3 0  9998
2 56185  97.2847  94.7664 0010950 218.4094 141.6426 16.37895961180258
ION SCV-010
1 56192U 23054Q   26212.08309402  .00004743  00000-0  18370-3 0  9996
2 56192  97.3715 101.0203 0014226  54.5994 305.6572 15.26555935182897
HJ-2B
1 46479U 20067B   26212.18299551  .00000768  00000-0  11745-3 0  9990
2 46479  97.8883 290.5675 0002225  86.8807 273.2658 14.76491438314757
PAKTES 1A
1 43529U 18056A   26212.18919295  .00002244  00000-0  18869-3 0  9997
2 43529  98.1328  10.5607 0018606 330.9447  29.0738 14.99275709438519
GHOST-1
1 56195U 23054T   26124.84149806  .07462440  25461-5  36773-3 0  9994
2 56195  97.2749  46.6504 0008362 213.6171 146.4601 16.42251804172613
PRSS 1
1 43530U 18056B   26212.14328686  .00000901  00000-0  11984-3 0  9992
2 43530  97.7800 278.7908 0001365  98.4211 261.7158 14.82050471434945
ENMAP
1 52159U 22033C   26212.19350228  .00000452  00000-0  74786-4 0  9992
2 52159  97.9789 293.8142 0001223  90.7879 269.3470 14.74951976233147
OBJECT F
1 51951U 22023F   26212.15174292  .00024962  00000-0  97320-3 0  9991
2 51951  63.4474 124.0277 0132884 341.5588  18.0730 15.18030104244387
OBJECT A
1 44879U 19093A   26212.18111116  .00003211  00000-0  29402-3 0  9994
2 44879  97.7801 295.7052 0009384 265.2391  94.7759 14.95626612358625
HORUS 2
1 55844U 23032A   26212.19702718  .00005427  00000-0  23032-3 0  9995
2 55844  97.3516 286.7093 0002043 129.7162 230.4255 15.23498230188185
ZHUHAI-1 03C
1 44537U 19060D   26154.34607664  .04949776  25886-5  76861-3 0  9994
2 44537  97.5217 325.7139 0012294 266.2592  93.7298 16.33825799375068
OBJECT B
1 44880U 19093B   26212.17485356  .00003245  00000-0  29365-3 0  9990
2 44880  97.7815 296.1977 0009750 265.0991  94.9117 14.96080807358636
CENTISPACE-1 S4
1 53758U 22108B   26212.15171816  .00000121  00000-0  61750-4 0  9991
2 53758  53.5287 230.7648 0010290  90.0585 270.1570 14.61980356207991
ASTROCAST-0203
1 48955U 21059CE  26045.83682367  .07575709  26133-5  12470-2 0  9994
2 48955  97.6232 243.2162 0007618 295.7170  64.3338 16.33418585259417
ASTROCAST-0201
1 48954U 21059CD  26041.49206587  .00599618  18965-3  66123-3 0  9992
2 48954  97.6299 238.3377 0005790 246.8019 113.2654 16.09655773258701
OBJECT G
1 56749U 23072G   26212.17042868  .00031598  00000-0  50611-3 0  9996
2 56749  97.4854  61.8422 0003799 156.8742 203.2683 15.53047906177283
OBJECT C
1 56745U 23072C   26212.21490110  .00029854  00000-0  55096-3 0  9998
2 56745  97.5191  63.0278 0004696 170.5001 189.6339 15.49052522177050
OBJECT D
1 56746U 23072D   26209.87416056  .00162720  00000-0  89562-3 0  9999
2 56746  97.4826  69.3844 0003856 147.1555 212.9952 15.79245976177426
OBJECT B
1 56744U 23072B   26212.17814397  .00023580  00000-0  51788-3 0  9993
2 56744  97.5209  59.6242 0006168 151.5546 208.6039 15.44015104176890
OBJECT E
1 56747U 23072E   26212.18861457  .00026299  00000-0  46902-3 0  9998
2 56747  97.4999  63.1476 0004062 158.1804 201.9621 15.50058266177198
YAOGAN 7
1 36110U 09069A   26211.68665176  .00000464  00000-0  71379-4 0  9997
2 36110  98.0007  97.2728 0023157 258.5845 101.2764 14.78048238896051
LKW-3
1 43146U 18006A   26212.16797087  .00007466  00000-0  21509-3 0  9994
2 43146  97.6653  14.4962 0004010 133.0830 227.0749 15.36047891475466
ZHUHAI-1 03D
1 44538U 19060E   26212.15955429  .00037749  00000-0  61918-3 0  9991
2 44538  97.5413   4.1246 0007849 136.6490 223.5381 15.52321892382891
LT-1 01B
1 51822U 22018A   26212.18116157  .00000601  00000-0  70686-4 0  9992
2 51822  97.8119 218.9774 0001608  89.4044 270.7357 14.88411070240255
ASO-S
1 54029U 22129A   26212.14790811  .00000188  00000-0  57440-4 0  9991
2 54029  98.2766 216.6025 0013447 322.4642  37.5614 14.52081700201809
CBERS-4
1 40336U 14079A   26212.15837419 -.00000072  00000-0 -10482-4 0  9998
2 40336  98.3508 267.6040 0000582 109.2233 250.9016 14.35519403610264
JILIN-01 GAOFEN 2B
1 44836U 19086A   26212.16134709  .00005867  00000-0  26568-3 0  9999
2 44836  97.4861 283.8844 0014691 160.1776 200.0033 15.21169630367174
JILIN-01 GAOFEN 2A
1 44777U 19075A   26212.19350455  .00013611  00000-0  33831-3 0  9999
2 44777  97.4957 297.0434 0004413 283.0514  77.0240 15.40422368371653
LKW-2
1 43080U 17084A   26212.20709433  .00004844  00000-0  18605-3 0  9999
2 43080  97.1165 249.9549 0003965  90.8218 269.3476 15.26884138478405
GAOFEN 3 02
1 49495U 21109A   26212.17330266  .00000044  00000-0  26676-4 0  9994
2 49495  98.4097 219.6471 0002002 187.1991 172.9170 14.42212456246651
OBJECT B
1 49316U 21091B   26212.20614914  .00001763  00000-0  88040-4 0  9997
2 49316  97.4468  39.1182 0011721 245.0832 114.9185 15.18749323265660
SKYMED 2
1 32376U 07059A   26212.17790279  .00000368  00000-0  52812-4 0  9996
2 32376  97.8901  35.1416 0001499  94.0432 266.0952 14.82162516  8523
SKYMED 4
1 37216U 10060A   26212.19057267  .00000186  00000-0  29970-4 0  9992
2 37216  97.8893  35.1556 0001434  83.0125 277.1252 14.82147558851084
ZY-1 02D
1 44528U 19059A   26212.19629431  .00000077  00000-0  42620-4 0  9997
2 44528  98.6704 273.8274 0003173 233.7772 126.3120 14.35272438360651
ZY 3
1 38046U 12001A   26081.01541948  .12161018  24301-5  28269-3 0  9999
2 38046  97.1345 157.1435 0011085 256.3350 103.6719 16.45573094790699
DAQI 1
1 52257U 22039A   26212.21380464  .00000526  00000-0  12517-3 0  9990
2 52257  98.1489 150.1580 0004836 108.1155 252.0571 14.57701892228350
DROID-001
1 56965U 23084AK  26059.12407982  .15531786  27588-5  16146-3 0  9995
2 56965  97.5587 217.3641 0009709 247.4524 112.5754 16.50520813152173
GREGOIRE
1 56946U 23084Q   26211.91261301  .00008830  00000-0  23054-3 0  9998
2 56946  97.6296 357.5264 0006827 149.5554 210.6089 15.39031125174434
ORBITER SN3
1 70325C 23084AA  23163.94916919 -.00030105  00000+0 -17221-2 0    05
2 70325  97.5115 280.5512 0011242 209.4974 194.6476 15.12703844    18
ION SCV-011
1 56957U 23084AB  26211.06165007  .00005130  00000-0  18398-3 0  9997
2 56957  98.1373  42.3272 0005933 242.6856 117.3779 15.29226813172361
PHOTON-04
1 56959U 23084AD  24052.59633646  .00104154  36959-5  17794-2 0  9998
2 56959  97.5180 171.5922 0433579 190.5235 168.6687 14.87783283 38429
GHOST-3
1 56958U 23084AC  26212.16759883  .00017205  00000-0  31555-3 0  9997
2 56958  97.6264   3.1585 0007487 132.2935 227.8951 15.49329040174825
BLACKJACK ACES-2
1 56955U 23084Z   26211.86016721  .00006859  00000-0  33188-3 0  9994
2 56955  97.6265 347.4908 0002255 119.8274 240.3184 15.18916595173809
BLACKJACK ACES-4
1 56952U 23084W   26030.83958131  .13023617  26890-5  16733-3 0  9999
2 56952  97.5252 190.3044 0012431 258.1516 101.8394 16.48891214147955
BLACKJACK ACES-1
1 56956U 23084AA  26211.91346894  .00006939  00000-0  33558-3 0  9998
2 56956  97.6256 347.3146 0002260  99.2436 260.9053 15.18926320123535
BLACKJACK ACES-3
1 56950U 23084U   26211.91972478  .00005515  00000-0  26744-3 0  9993
2 56950  97.6269 347.4687 0002059 165.2199 194.9095 15.18932192173801
OTTER PUP
1 56933U 23084B   26121.10315365  .08832281  26533-5  37103-3 0  9992
2 56933  97.5520 283.6368 0010821 273.3287  86.6775 16.42636595161864
GEISAT PRECURSOR
1 56934U 23084C   26212.15786707  .00007336  00000-0  21696-3 0  9994
2 56934  97.6279 354.5896 0005848 172.0417 188.0919 15.35218069174273
VRSS-2
1 42954U 17060A   26212.16403516  .00000253  00000-0  38878-4 0  9995
2 42954  97.6491 247.9066 0016042 320.7442  39.2607 14.81258978474961
ZHUHAI-1 03B
1 44536U 19060C   26212.19087060  .00033745  00000-0  47480-3 0  9990
2 44536  97.5571  12.4258 0009000 150.0292 210.1479 15.56555429383160
HINODE (SOLAR B)
1 29479U 06041A   26211.99341271  .00000667  00000-0  12282-3 0  9997
2 29479  98.0548 227.5010 0018279 145.2293 215.0110 14.68677118 61306
ZINYUAN-3
1 45939U 20051A   26212.18789824  .00005300  00000-0  23990-3 0  9992
2 45939  97.5355 279.2182 0004243 178.6131 181.5117 15.21317903334036
YAOGAN 12
1 37875U 11066B   26212.17597539  .00003380  00000-0  12989-3 0  9999
2 37875  97.1114 248.6812 0010687  72.9605 287.2804 15.27024430818755
LKW-4
1 43236U 18025A   26212.03321314  .00051297  00000-0  50369-3 0  9994
2 43236  97.6361  26.4694 0003406 138.2558 221.8962 15.65898367466888
SPOT 5
1 27421U 02021A   26211.70975441  .00000510  00000-0  11620-3 0  9999
2 27421  97.9826 248.6398 0130462 140.5973 220.4804 14.54781025269176
CHUANG XIN 1-02(CX-1-02)
1 33434U 08056B   26212.16385779  .00000008  00000-0  20132-4 0  9995
2 33434  98.6124 237.9895 0014630  16.1468 344.0178 14.30161430924906
HAIYANG 2B
1 43655U 18081A   26212.19400819  .00000260  00000-0  29609-3 0  9993
2 43655  99.3293 220.2877 0001508 126.5923 233.5368 13.79309154390992
SHIJIAN 6 03B (SJ-6 03B)
1 33409U 08053B   26212.19906419  .00001963  00000-0  14469-3 0  9993
2 33409  97.8571 232.8208 0017938 251.6512 108.2763 15.04420897969363
KOMPSAT 5
1 39227U 13042A   26212.19457435  .00002100  00000-0  15419-3 0  9990
2 39227  97.6205  38.2770 0003750   8.3777 351.7511 15.04543142710479
SHIJIAN 6 02B (SJ-6 02B)
1 29506U 06046B   26212.19868162  .00000804  00000-0  66877-4 0  9992
2 29506  97.7125 240.9821 0012289 275.7075  84.2748 15.01463175 77343
AFR-1
1 56964U 23084AJ  26212.21856043  .00004873  00000-0  17611-3 0  9990
2 56964  97.6332 349.9940 0010551 175.5609 184.5725 15.28908770173959
GRUS-1B
1 47934U 21022C   26212.17334539  .00001140  00000-0  99053-4 0  9998
2 47934  97.5344  93.9016 0015274 161.5537 198.6244 14.98824081292480
OUTPOST MISSION 1
1 56226U 23084BK  26180.13618669  .14309285  27340-5  11766-3 0  9992
2 56226  97.5783 345.9560 0014201 259.1711 100.7996 16.51722429170951
TOMORROW-R2
1 56962U 23084AG  26178.25092823  .08367620  26909-5  30745-3 0  9995
2 56962  97.5928 344.1569 0013162 258.6769 101.3053 16.42951724170684
OBJECT X
1 57187U 23091X   26212.03091800  .00008673  00000-0  32679-3 0  9991
2 57187  97.5062 276.1046 0007522 302.0344  58.0163 15.27306208171003
OBJECT Z
1 57189U 23091Z   26212.16669588  .00015445  00000-0  42372-3 0  9997
2 57189  97.5066 282.5688 0005305 267.4544  92.6092 15.37350885171449
OBJECT AV
1 57217U 23091AV  26212.17042664  .00010605  00000-0  35840-3 0  9995
2 57217  97.5036 277.1207 0008859 303.4626  56.5767 15.30801006171104
OBJECT AS
1 57206U 23091AS  26212.17682941  .00110906  00000-0  85904-3 0  9992
2 57206  97.5003 294.9887 0005034 209.9837 150.1137 15.71499916172283
OBJECT K
1 57175U 23091K   26212.20831837  .00011540  00000-0  39727-3 0  9997
2 57175  97.5021 275.8432 0008036 325.9716  34.1008 15.30183500171036
OBJECT P
1 57179U 23091P   26212.15842266  .00003840  00000-0  19845-3 0  9996
2 57179  97.5063 267.7158 0013830 338.9145  21.1516 15.16808532170457
OBJECT N
1 57178U 23091N   26212.20441978  .00012196  00000-0  39362-3 0  9996
2 57178  97.5063 278.3733 0008549 298.0147  62.0229 15.32250517171168
OBJECT E
1 57170U 23091E   26212.16301757  .00007178  00000-0  29177-3 0  9990
2 57170  97.5086 273.8866 0007125 302.9597  57.0955 15.24840483170869
OBJECT G
1 57172U 23091G   26212.17038200  .00005492  00000-0  24839-3 0  9990
2 57172  97.5020 270.7049 0011429 332.7506  27.3128 15.21281773170692
OBJECT C
1 57168U 23091C   26212.20245207  .00007939  00000-0  29987-3 0  9993
2 57168  97.4996 274.7403 0009537 317.1753  42.8742 15.27237125170977
OBJECT AL
1 57200U 23091AL  26212.16003122  .00030920  00000-0  59056-3 0  9999
2 57200  97.5022 288.0963 0004643 236.8023 123.2782 15.48058574171807
OBJECT AP
1 57203U 23091AP  26212.19843194  .00011954  00000-0  37643-3 0  9990
2 57203  97.5061 280.0543 0006015 281.3956  78.6610 15.33061424171281
OBJECT AB
1 57191U 23091AB  26212.20340860  .00004194  00000-0  20032-3 0  9992
2 57191  97.5018 269.7097 0014500 342.1686  17.9038 15.19499952170634
OBJECT Q
1 57180U 23091Q   26212.19814701  .00009677  00000-0  34940-3 0  9992
2 57180  97.5054 275.9854 0009670 308.1870  51.8498 15.28659551171014
OBJECT R
1 57181U 23091R   26212.16031924  .00003565  00000-0  19550-3 0  9998
2 57181  97.5035 265.5267 0014474 352.0401   8.0599 15.14739198170345
A-SEANSAT-PG1
1 57197U 23091AH  26212.19710950  .00016977  00000-0  44980-3 0  9997
2 57197  97.5054 282.7569 0005125 276.7552  83.3109 15.38408789171474
OBJECT S
1 57182U 23091S   26212.17472539  .00009478  00000-0  34136-3 0  9997
2 57182  97.5050 275.9354 0009645 308.6563  51.3812 15.28749129171019
METEOR M2-3
1 57166U 23091A   26212.22313073  .00000006  00000-0  21332-4 0  9995
2 57166  98.6056 266.2938 0004801  53.7895 306.3727 14.24050051160789
OBJECT H
1 57173U 23091H   26212.15892744  .00009292  00000-0  32697-3 0  9993
2 57173  97.5020 275.7275 0008087 325.3731  34.6982 15.29528549171023
OBJECT M
1 57177U 23091M   26212.15334182  .00005867  00000-0  26395-3 0  9996
2 57177  97.5061 270.9876 0011835 329.0736  30.9801 15.21433109170686
GLOBAL-17
1 49949U 21120A   26212.00169649  .00029878  00000-0  44227-3 0  9995
2 49949  41.9936 147.7676 0016123 208.3434 151.6535 15.54512596261710
OBJECT U
1 57184U 23091U   26212.18228603  .00004578  00000-0  22005-3 0  9999
2 57184  97.5043 270.1844 0009848 326.7179  33.3435 15.19284686170633
PACE-1
1 48909U 21059AG  26211.04833702  .00155106  00000-0  54065-3 0  9997
2 48909  97.6695  54.3033 0003040 153.9935 206.1490 15.88947921284587
JILIN-01 KUANFU 01
1 45016U 20003A   26212.13006014  .00002631  00000-0  16138-3 0  9993
2 45016  97.5009 285.2286 0010738 144.1065 216.0888 15.10950899361966
GAOFEN DUOMO (GFDM)
1 45856U 20042A   26212.17864595  .00000317  00000-0  52117-4 0  9995
2 45856  97.7721 270.4565 0009593 297.4041  62.6193 14.76819373327508
OBJECT D
1 48843U 21050D   26212.20911837  .00005699  00000-0  23982-3 0  9995
2 48843  97.3323 287.2484 0007192 107.3496 252.8528 15.23746306285666
COSMOS 2558
1 53323U 22089A   26212.02800601  .00207855  00000-0  80465-3 0  9990
2 53323  97.2232 318.2149 0004263 224.2310 135.8622 15.86680425224752
COSMOS 2535
1 44421U 19039A   26212.13800485  .00001103  00000-0  11402-3 0  9995
2 44421  97.5756 238.6177 0009821  70.6518 289.5762 14.92025150383199
OBJECT D
1 57169U 23091D   26212.16285876  .00007004  00000-0  28472-3 0  9996
2 57169  97.5080 273.8056 0008265 312.5419  47.5119 15.24839353170868
OBJECT F
1 57171U 23091F   26212.16260319  .00007119  00000-0  28925-3 0  9994
2 57171  97.5082 273.8344 0009199 324.4527  35.6097 15.24840781170862
OBJECT AN
1 57202U 23091AN  26212.20334189  .00004178  00000-0  19997-3 0  9992
2 57202  97.5086 270.7699 0008095 324.1494  35.9196 15.19494234170645
OBJECT W
1 57186U 23091W   26212.21216141  .00007535  00000-0  26469-3 0  9993
2 57186  97.5122 278.9204 0016202 299.5246  60.4378 15.29565396171182
OBJECT AF
1 57195U 23091AF  26212.18684924  .00005085  00000-0  23374-3 0  9997
2 57195  97.5059 271.5906 0008917 324.3307  35.7331 15.20781763170719
GAOFEN 3 03
1 52200U 22035A   26212.21528794  .00000139  00000-0  55536-4 0  9993
2 52200  98.4070 220.1586 0001765  77.4852 282.6535 14.42212838227192
OBJECT AG
1 57196U 23091AG  26212.17535277  .00011760  00000-0  37189-3 0  9999
2 57196  97.5062 279.8304 0006009 287.0127  73.0456 15.32931022171264
OBJECT Y
1 57188U 23091Y   26212.14416770  .00008266  00000-0  31048-3 0  9998
2 57188  97.5038 275.9756 0006974 301.2666  58.7890 15.27429915171027
OBJECT J
1 57174U 23091J   26212.20361493  .00002905  00000-0  16242-3 0  9994
2 57174  97.5025 264.6732 0012960   3.5367 356.5954 15.14213156170291
GLOBAL-19
1 55982U 23041B   26210.62177971  .00013554  00000-0  36029-3 0  9991
2 55982  42.0029 314.2852 0009105 282.4287  77.5533 15.38009404188462
OBJECT AQ
1 57204U 23091AQ  26212.14881686  .00018446  00000-0  46424-3 0  9994
2 57204  97.5067 283.9754 0004614 258.9942 101.0785 15.39970902171530
OBJECT AU
1 57208U 23091AU  26212.14965666  .00018998  00000-0  47086-3 0  9996
2 57208  97.5065 284.2514 0004552 258.0083 102.0653 15.40433207171559
OBJECT AK
1 57199U 23091AK  26212.19064104  .00019044  00000-0  47546-3 0  9991
2 57199  97.5055 283.8289 0004626 266.2901  93.7816 15.40208914171533
OBJECT AM
1 57201U 23091AM  26212.16660226  .00018171  00000-0  46182-3 0  9994
2 57201  97.5054 283.4984 0004842 267.8983  92.1708 15.39674250171510
OBJECT AE
1 57194U 23091AE  26212.18211025  .00008904  00000-0  34475-3 0  9991
2 57194  97.5034 275.2037 0009706 317.8081  42.2410 15.26375992170989
OBJECT AD
1 57193U 23091AD  26212.15551914  .00012626  00000-0  39484-3 0  9992
2 57193  97.5028 278.2689 0008303 304.3526  55.6929 15.33254411171180
OBJECT AC
1 57192U 23091AC  26212.16967983  .00008469  00000-0  32481-3 0  9999
2 57192  97.5040 275.3901 0009741 316.3760  43.6707 15.26707993170997
OBJECT L
1 57176U 23091L   26212.15256502  .00010120  00000-0  34642-3 0  9996
2 57176  97.5032 276.4924 0009329 310.9206  49.1226 15.30393491171069
ASTROCAST-0103
1 47487U 21006CC  26123.02177090  .09787114  23920-5  21229-2 0  9995
2 47487  97.2367 195.6334 0013101 276.8436  83.1368 16.30381751294121
COSMOS 2197
1 22034U 92042A   26212.21825809  .00000016  00000-0  29802-4 0  9998
2 22034  82.5927 200.7992 0012821 168.2755 202.6768 12.64253367570858
COSMOS 2484
1 39059U 13001C   26212.17599678 -.00000028  00000-0 -27080-3 0  9998
2 39059  82.5004 194.5438 0025112 299.8807  59.9778 12.42940882614023
GONETS M 05
1 39249U 13048A   26212.14666973 -.00000044  00000-0 -39068-3 0  9997
2 39249  82.4865 315.9793 0017750 116.8281 243.4616 12.42892707584348
GONETS M 07
1 39251U 13048C   26212.18932281  .00000027  00000-0  12245-3 0  9999
2 39251  82.4933 318.8978 0018543 117.8914 242.4047 12.42915842584308
COSMOS 2488
1 39483U 13076A   26212.14947841  .00000004  00000-0 -38784-4 0  9994
2 39483  82.4872 141.3098 0020023   3.9237 356.1996 12.42906523571351
COSMOS 2489
1 39484U 13076B   26212.12560269 -.00000030  00000-0 -28700-3 0  9994
2 39484  82.4908 142.7178 0021842   3.5741 356.5491 12.42880309571405
COSMOS 2490
1 39485U 13076C   26212.17804284  .00000014  00000-0  28997-4 0  9997
2 39485  82.4855 140.7335 0022345  18.7360 341.4538 12.42879381571340
COSMOS 2498
1 39763U 14028C   26212.16528740 -.00000003  00000-0 -93018-4 0  9999
2 39763  82.4441  81.3587 0021279 341.1135  18.9153 12.42981356553016
COSMOS 2497
1 39762U 14028B   26212.19072505  .00000043  00000-0  24000-3 0  9990
2 39762  82.4482  82.8750 0020579 341.5496  18.4835 12.42895777552982
COSMOS 2496
1 39761U 14028A   26212.13550744  .00000104  00000-0  67814-3 0  9997
2 39761  82.4433  81.2027 0020134 346.8183  13.2368 12.42880095552975
GONETS M 10 (M20)
1 40063U 14036C   26212.18076032  .00000121  00000-0  79823-3 0  9993
2 40063  82.5109 280.3514 0022572  48.9873 311.3154 12.42946772547716
GONETS M 11 (M21)
1 40552U 15020A   26212.12101794 -.00000100  00000-0 -79285-3 0  9999
2 40552  82.4880   3.6106 0015240 265.9023  94.0315 12.42878895514199
GONETS M 12 (M22)
1 40553U 15020B   26212.17454196 -.00000023  00000-0 -24014-3 0  9996
2 40553  82.4912   4.7125 0014315 249.4744 110.4799 12.42892314514199
GONETS M 13 (M23)
1 40554U 15020C   26212.14875331 -.00000017  00000-0 -19680-3 0  9998
2 40554  82.4876   3.3310 0013065 233.1705 126.8177 12.42872340514163
COSMOS 2507
1 40920U 15050A   26212.18217775  .00000049  00000-0  28233-3 0  9991
2 40920  82.4891  52.2710 0008866 253.7086 106.3018 12.42928134492320
COSMOS 2508
1 40921U 15050B   26212.13760568  .00000060  00000-0  35909-3 0  9991
2 40921  82.4843  50.7869 0013376 289.9000  70.0638 12.42916070492304
COSMOS 2509
1 40922U 15050C   26212.15901851 -.00000003  00000-0 -95758-4 0  9994
2 40922  82.4852  50.8805 0013919 308.1234  51.8590 12.42885125492346
COSMOS 2530
1 43751U 18097A   26212.24775958 -.00000045  00000-0 -39362-3 0  9992
2 43751  82.5130 194.9356 0018379 302.8398  57.0912 12.42882204347763
COSMOS 2531
1 43752U 18097B   26212.18844264 -.00000013  00000-0 -16584-3 0  9999
2 43752  82.5174 196.0458 0015908 323.6534  36.3464 12.42913559347777
COSMOS 2532
1 43753U 18097C   26212.21680389  .00000011  00000-0  78971-5 0  9996
2 43753  82.5120 194.7942 0017344 325.5329  34.4624 12.42910892347742
GONETS M 14 (M24)
1 44905U 19096A   26212.16118873  .00000072  00000-0  44460-3 0  9995
2 44905  82.5201  57.3718 0014345  58.6651 301.5831 12.42871517299145
GONETS M 15 (M25)
1 44906U 19096B   26212.19036572  .00000011  00000-0  10152-4 0  9999
2 44906  82.5220  57.8219 0016305  79.9232 280.3687 12.42883554299111
GONETS M 16 (M26)
1 44907U 19096C   26212.13556407  .00000108  00000-0  71073-3 0  9993
2 44907  82.5167  56.7876 0011635 118.6690 241.5561 12.42893434299094
GONETS M 17
1 46486U 20068A   26212.16120642 -.00000082  00000-0 -66078-3 0  9991
2 46486  82.5026 320.1483 0021368 300.3798  59.5169 12.42873964264625
GONETS M 18
1 46487U 20068B   26212.12484231  .00000021  00000-0  80838-4 0  9997
2 46487  82.4979 319.2722 0018651 296.6984  63.2186 12.42875451264604
GONETS M 19
1 46488U 20068C   26212.18014050  .00000026  00000-0  11447-3 0  9996
2 46488  82.5004 319.6964 0012485 313.3221  46.6817 12.42893202264719
GONETS M 20
1 47227U 20091A   26212.11823331  .00000060  00000-0  36105-3 0  9993
2 47227  82.5035 275.1298 0022153  86.0854 274.2758 12.42894977256534
GONETS M 21
1 47228U 20091B   26212.17282719  .00000067  00000-0  40912-3 0  9997
2 47228  82.4956 273.7759 0016054  99.5337 260.7557 12.42887835256532
GONETS M 22
1 47229U 20091C   26212.14571671  .00000229  00000-0  15809-2 0  9999
2 47229  82.5015 274.7119 0022981  81.4125 278.9557 12.42894642256481
GONETS-M 23
1 54150U 22139A   26212.13359463  .00000027  00000-0  11991-3 0  9992
2 54150  82.5103 320.9869 0022559 125.1741 235.1456 12.42892348171106
GONETS-M 25
1 54152U 22139C   26212.17360148  .00000026  00000-0  11503-3 0  9998
2 54152  82.5084 320.7018 0021653 133.5377 226.7506 12.42891171171118
XINGYUN-2 02
1 45603U 20028B   26212.14113844  .00002904  00000-0  17408-3 0  9997
2 45603  97.5080 217.3666 0012567 115.7230 244.5299 15.11700131341474
GONETS-M 24
1 54151U 22139B   26212.18714150  .00000023  00000-0  94508-4 0  9998
2 54151  82.5016 319.9833 0017725 134.7847 225.4678 12.42892697171117
ZHUHAI-1 03E
1 44539U 19060F   26212.18347130  .00017880  00000-0  41517-3 0  9996
2 44539  97.5664   3.7142 0005127 208.7620 151.3344 15.42416207382546
ARCADE
1 57485U 23109E   23357.86294790  .00014481  00000-0  70660-3 0  9999
2 57485   4.9977 247.6344 0009185  53.8335 306.2623 15.14746534 22250
SCOOBII
1 57484U 23109D   24006.48621913  .00017746  00000-0  90245-3 0  9997
2 57484   4.9510 145.7547 0005430 219.0242 140.9473 15.13763583 24325
VELOX-AM
1 57482U 23109B   24010.80486117  .00011208  00000-0  52712-3 0  9995
2 57482   5.0045 110.9764 0011546 327.6281  32.3119 15.15302227 25000
GALASSIA-2
1 57486U 23109F   23350.85418427  .00009606  00000-0  48048-3 0  9995
2 57486   5.0011 301.3018 0001321 115.2367 244.7878 15.12808902 21185
ORB-12 STRIDER
1 57483U 23109C   24010.79410533  .00010603  00000-0  49907-3 0  9993
2 57483   5.0027 110.8465 0013742 325.2209  34.7002 15.15065068 25008
NINGXIA-1 5
1 44783U 19076E   26211.87435480  .00000063  00000-0  12525-3 0  9997
2 44783  45.0075 343.9481 0010644 350.0842   9.9781 14.02092055343909
YUNHAI 1
1 41857U 16068A   26212.16639344  .00000234  00000-0  10214-3 0  9995
2 41857  98.5850 222.7685 0002346 288.7819  71.3110 14.32732549508121
YUNHAI 1-03
1 53877U 22115A   26212.18454924  .00000278  00000-0  11834-3 0  9998
2 53877  98.5564 209.7779 0003481 280.8667  79.2125 14.32746886201810
THEA
1 43796U 18099AQ  26211.14135955  .00020389  00000-0  57428-3 0  9992
2 43796  97.4421 281.2883 0008708 128.2998 231.9030 15.36443563419284
METEOR 2-1 DEB
1 57492U 75064F   26208.05163495  .00001478  00000-0  57276-3 0  9990
2 57492  81.2781 319.3368 0007406 318.8823  41.1800 14.29578034408682
HORUS 1
1 55690U 23025A   26212.22729034  .00006011  00000-0  25564-3 0  9992
2 55690  97.3443 285.8920 0001962 110.0035 250.1413 15.23382147190753
Optsat 3000
1 42900U 17044A   26011.42571887  .00000000  00000-0  50000-4 0    05
2 42900  97.4000  77.8080 0001000   0.0000 127.2026 15.22594738    04
LANDSAT 7
1 25682U 99020A   26212.19303125  .00000379  00000-0  80878-4 0  9994
2 25682  97.8600 213.8160 0001276  78.3354 344.3777 14.63950697452288
GAOFEN 1
1 39150U 13018A   26212.17981741  .00000813  00000-0  12359-3 0  9997
2 39150  97.9080 283.3477 0018181 121.8034 238.4949 14.76536637714734
HIBARI
1 49400U 21102F   26211.69830207  .00010861  00000-0  34671-3 0  9990
2 49400  97.3207 257.1232 0012462  53.2127 307.0256 15.32584876260857
PAZ
1 43215U 18020A   26212.17289991  .00001750  00000-0  86510-4 0  9992
2 43215  97.4463 218.9354 0001705  89.0983 271.0447 15.19156347467680
IMAGE
1 26113U 00017A   26202.66340554 -.00000064  00000-0  00000+0 0  9996
2 26113  94.2558 315.8207 7408482 283.9150  10.1148  1.68666954162088
HJ-2A
1 46478U 20067A   26212.14597882  .00000452  00000-0  71869-4 0  9997
2 46478  97.8818 289.4754 0005097 114.4718 245.7024 14.76566401314741
SHIJIAN 6 04B (SJ-6 04B)
1 37180U 10051B   26212.20238870  .00000399  00000-0  37624-4 0  9996
2 37180  97.8700 218.0827 0009542 165.2543 194.8960 14.99387375862274
KOMPSAT 3
1 38338U 12025B   26212.16987480  .00000410  00000-0  90615-4 0  9991
2 38338  98.1206 168.8785 0005098 352.4544   7.6580 14.62241832757777
FENGYUN 3F
1 57490U 23111A   26212.15584804  .00000056  00000-0  46713-4 0  9997
2 57490  98.6814 281.3400 0000950  76.7457 283.3825 14.19945746155104
H2SAT
1 57213U 23093A   26211.88030816  .00000006  00000-0  00000+0 0  9996
2 57213   0.0174  84.7181 0000699 229.1188 312.2919  1.00269340 11358
NPSAT1
1 44340U 19036B   26211.28660559  .00004812  00000-0  66426-3 0  9999
2 44340  23.9998 296.9760 0007621 342.8111  17.2126 14.74948646378866
QIANKUN-1
1 57422U 23103B   26202.46773794  .00007900  16683-5  96814-5 0  9996
2 57422  96.1460 244.8830 0034106 125.1759 235.2729 16.07673823172802
CALIPSO
1 29108U 06016B   26212.15090778  .00000970  00000-0  17281-3 0  9991
2 29108  98.4473 229.3152 0001694 103.2421 256.8972 14.69427972 79516
TELEOS 2
1 56310U 23057C   26211.27941723  .00004932  00000-0  36400-3 0  9993
2 56310   9.9878 250.4255 0000771 277.4081  82.6045 14.96426435179269
TBA - TO BE ASSIGNED
1 81817U          24182.15771271 +.00376921 +00000+0 +50241-2 0  9994
2 81817  65.6833  85.7194 0094637 257.5768 101.4780 15.51588069  4004
LAPAN-TUBSAT
1 29709U 07001A   26212.15811370  .00000776  00000-0  95258-4 0  9997
2 29709  98.1358 212.3786 0013280  47.2295 313.0034 14.85992178 57689
HJ-2F
1 57519U 23116A   26212.21818192  .00007479  00000-0  32176-3 0  9994
2 57519  97.3855 216.6902 0006591 239.4474 120.6113 15.22900225165459
ADITYA-L1
1 57754U 23132A   23257.85684028 -.00001335  00000-0  00000-0 0  9992
2 57754  19.2554  17.2188 8437217 354.9359 359.1120  0.99301021    10
XRISM
1 57800U 23137A   26211.74252094  .00005630  00000-0  30724-3 0  9994
2 57800  31.0028  77.3940 0007573  41.6302 318.4912 15.12793933159460
DMSP 5D-3 F17 (USA 191)
1 29522U 06050A   26212.15203653  .00000056  00000-0  51497-4 0  9990
2 29522  98.7397 217.8257 0009008 293.7645  66.2584 14.14998429 18641
BEIDOU 13
1 38251U 12018B   26211.61470333 -.00000048  00000-0  00000+0 0  9992
2 38251  55.6173 302.6208 0012756 271.7839  88.1304  1.86229900 96755
BEIDOU 2
1 31115U 07011A   26210.10317893  .00000067  00000-0  00000-0 0  9996
2 31115  50.9200 217.8847 0002226 330.5826  29.4337  1.77349448 76890
RADUGA 1M-2
1 36358U 10002A   26211.90393552 -.00000090  00000-0  00000+0 0  9995
2 36358   3.7295  78.3101 0004379 259.7658  39.3508  0.98965867 50458
GAOFEN 2
1 40118U 14049A   26212.16220719  .00000797  00000-0  10989-3 0  9996
2 40118  98.0090 276.3218 0008806  90.6326 269.5895 14.80950036645745
MERIDIAN 10
1 52145U 22030A   26210.83846315  .00000135  00000-0  00000-0 0  9992
2 52145  62.6787 136.1801 6795952 272.8332  17.5913  2.00606449 31882
SJ-7
1 28737U 05024A   26211.09211299  .00007945  00000-0  34895-3 0  9990
2 28737  97.7266 242.3641 0013990 238.5468 121.4400 15.22128313154556
DAMPE
1 41173U 15078A   26212.15952280  .00001114  00000-0  39919-4 0  9994
2 41173  97.4567 217.8484 0010231 283.0754  76.9344 15.30889434591278
DEIMOS 2
1 40013U 14033D   26212.19285251  .00001719  00000-0  16708-3 0  9998
2 40013  97.5763  85.1247 0001702 109.3990 250.7414 14.93834102644298
ZY-1 02E
1 50465U 21131A   26212.20297046 -.00000056  00000-0 -45262-5 0  9998
2 50465  98.4423 288.3530 0001492  54.9606 305.1720 14.35404724240735
VRSS-1
1 38782U 12052A   26212.16237586  .00001577  00000-0  21382-3 0  9998
2 38782  97.6186 186.2515 0019396  92.3165 268.0269 14.80091968746117
INDEX
1 28810U 05031B   26211.89642946  .00005152  00000-0  30908-3 0  9994
2 28810  98.0193 337.9908 0018414 326.3586  33.6472 15.11291455137595
ION SCV-002
1 47504U 21006CV  26211.90053981  .00013128  00000-0  27937-3 0  9992
2 47504  97.1133 212.9019 0009100 327.2694  32.7990 15.45039787306775
RUNNER-1 (TYVAK-1005)
1 56953U 23084X   26211.91543315  .00010264  00000-0  27195-3 0  9998
2 56953  97.6293 355.7123 0008635 149.6983 210.4763 15.38516331174320
S6 MICHAEL FREILICH
1 46984U 20086A   26211.88607862 -.00000053  00000-0  32958-4 0  9994
2 46984  66.0412  44.2884 0007755 269.3819  90.6307 12.80930428265920
ANSER-FLW1
1 58019U 23155D   26212.14396108  .00094850  00000-0  15054-2 0  9997
2 58019  97.5519 303.9734 0003464 196.1874 163.9269 15.53023872155769
ANSER-FLW2
1 58018U 23155C   26212.15416050  .00028100  00000-0  45392-3 0  9990
2 58018  97.5520 303.3394 0001939 200.5888 159.5287 15.52841387155765
PRETTY
1 58023U 23155H   26211.77871506  .00006173  00000-0  25518-3 0  9998
2 58023  97.5683 293.7889 0001245 159.8517 200.2769 15.24355842154995
CSC-1
1 58022U 23155G   26211.69272809  .00003170  00000-0  19326-3 0  9993
2 58022  97.5344 280.5156 0009586  93.0327 267.1999 15.11042267154305
YAOGAN 21
1 40143U 14053A   26212.20830883  .00004173  00000-0  16032-3 0  9990
2 40143  97.1446 250.5649 0006097 303.8975  56.1684 15.26942600661674
FORMOSAT-5
1 42920U 17049A   26212.12032095  .00000129  00000-0  43709-4 0  9992
2 42920  98.2236 286.4500 0010432 312.3514  47.6797 14.50897096473040
CSC-2
1 58021U 23155F   26211.71817100  .00009545  00000-0  41403-3 0  9997
2 58021  97.5410 288.5142 0006357  90.1852 270.0112 15.22549996154803
PVCC
1 58025U 23155K   26212.15495181  .00006123  00000-0  31824-3 0  9996
2 58025  97.5687 288.5856 0003623   3.8846 356.2414 15.16441893154646
MACSAT
1 58024U 23155J   26212.10550808  .00004418  00000-0  20300-3 0  9990
2 58024  97.5771 294.3359 0000701 264.3684  95.7471 15.20907517155004
NESS
1 58020U 23155E   26211.73614373  .00017727  00000-0  58420-3 0  9993
2 58020  97.5907 298.5194 0006382  58.7815 301.4050 15.31507179155154
T2V
1 58016U 23155A   26212.14390495  .00000830  00000-0  11210-3 0  9993
2 58016  97.8854 282.4583 0001496  97.9601 262.1782 14.81662802151932
FORMOSAT-7R/TRITON
1 58017U 23155B   26211.78879992  .00001701  00000-0  17671-3 0  9992
2 58017  97.8344 292.8771 0000587  51.9309 308.1962 14.91236433152723
APRIZESAT 10
1 40019U 14033K   26211.86790956  .00000670  00000-0  11226-3 0  9995
2 40019  97.9700 337.8649 0079783 133.6768 227.1088 14.70930406648679
OPS 5644
1 10033U 77044A   26211.76796600  .00000249  00000-0  11096-3 0  9997
2 10033  99.1147 262.3250 0038836 101.9486 258.6054 14.31483933374392
NOAA 21
1 54234U 22150A   26212.15773507  .00000047  00000-0  43146-4 0  9999
2 54234  98.7062 150.2086 0002919  76.4306 283.7195 14.19543430192787
USA 17
1 16625U 86014F   26212.05887079  .00005652  00000-0  54366-3 0  9991
2 16625  63.3045 340.3833 0782321 116.4933 251.8487 13.74903691348853
ICESAT-2
1 43613U 18070A   26212.15706963  .00007967  00000-0  28833-3 0  9999
2 43613  92.0091 302.8624 0002994  20.0670 340.0697 15.28388380439173
SHIJIAN 6 02A (SJ-6 02A)
1 29505U 06046A   26212.14855466  .00003808  00000-0  19394-3 0  9997
2 29505  97.6333 253.5525 0002976  23.6460 336.4909 15.17409858 78935
POLAR
1 23802U 96013A   26209.62992415  .00000260  00000-0  00000-0 0  9999
2 23802  79.9120 226.5583 6512174 207.6558  92.6345  1.29845994145397
ION SCV-013
1 58300U 23174AW  26212.17225074  .00003267  00000-0  20894-3 0  9998
2 58300  97.6121 266.6662 0099087  47.2364 313.7145 15.05299049148154
OBJECT CG
1 58334U 23174CG  26212.18968174  .00047334  00000-0  56217-3 0  9992
2 58334  97.3964 306.9267 0003019 311.6229  48.4769 15.61039036152687
SPACEVAN-001
1 58295U 23174AR  26212.36995071  .00000080  00000-0  24096-5 0  9993
2 58295  97.4008 311.1907 0005848 267.7333  92.3253 15.59055137153023
WEDGIERIDE HELLOTEST
1 70324C 23174Z   23315.82508771 -.00009936  00000+0 -55258-3 0    04
2 70324  97.5034  28.7670 0013671 274.8263  81.0817 15.13680427    19
PROTOMETHEE
1 58321U 23174BT  26212.11444227  .00003058  00000-0  10216-3 0  9993
2 58321  97.3756 290.3228 0008047  23.5891 336.5718 15.31768296151694
MAVERICK NLAS OMNILER1
1 70331C 23174AG  23315.82598586 -.00017487  00000+0 -98021-3 0    00
2 70331  97.4791  28.7692 0009527 284.7252  76.1239 15.13442431    17
UMBRA-07
1 58297U 23174AT  26211.72354133  .00009168  00000-0  56955-3 0  9995
2 58297  97.3763 265.8530 0001176 281.6327  78.4771 15.09881192149980
EQUALIZER03 HERONMK2
1 70375C 23174CC  23315.83661433 -.00026412  00000+0 -14574-2 0    09
2 70375  97.4819  28.7762 0009329 264.3585 154.3842 15.14010932    14
BRO-11
1 58264U 23174J   26212.13672655  .00004893  00000-0  18304-3 0  9993
2 58264  97.3890 288.5829 0011511  58.5895 301.6468 15.27733066151469
BRO-10
1 58331U 23174CD  26115.38949140  .08188723  24853-5  11659-2 0  9998
2 58331  97.3464 212.6257 0014863 262.6139  97.3468 16.34539426138137
GENMAT-1
1 58276U 23174W   26211.79598946  .00009592  00000-0  28122-3 0  9997
2 58276  97.3663 289.5869 0007067  41.3438 318.8339 15.35376180151667
IMPULSE-1 MIRA
1 58301U 23174AX  26211.82745731  .00009687  00000-0  25439-3 0  9999
2 58301  97.5184 298.2265 0069954 326.9910  32.6976 15.36323255151599
ICEYE-X31
1 58288U 23174AJ  26212.20465001  .00016545  00000-0  47869-3 0  9997
2 58288  97.3762 287.9690 0003752 146.5777 213.5704 15.35675857151508
SUPERDOVE 003 A13
1 70346C 23174AX  23315.82819651 -.00021381  00000+0 -11934-2 0    00
2 70346  97.4860  28.7718 0010077 280.2303  92.6472 15.13591049    11
SKYKRAFT-1
1 55041U 23001AJ  26212.19130896  .00065742  00000-0  51468-3 0  9992
2 55041  97.3150 291.4027 0002961 222.4894 137.6140 15.71401638199957
NOSS 3-5 (A)
1 37386U 11014A   26206.00791218 0.00000000  00000-0  00000-0 0    01
2 37386  63.4202 184.8369 0351085 357.2891   2.7109 13.41000058    03
NOSS 3-3 (A)
1 28537U 05004A   26157.96827020 0.00000000  00000-0  00000-0 0    02
2 28537  63.3754  92.1187 0529052   4.8726 355.1274 13.41264466    07
SKYKRAFT-1C
1 55061U 23001BE  26212.03244981  .00003226  00000-0  13102-3 0  9990
2 55061  97.3160 264.7158 0010214   2.1184 358.0095 15.25241448198163
TIANQI 24
1 57795U 23135D   26211.91126367  .00000040  00000-0  87768-4 0  9998
2 57795  49.9752 328.8079 0013523  55.3105 304.9080 14.23164975150856
GOES 18
1 51850U 22021A   26211.71375248  .00000000  00000-0  00000+0 0  9994
2 51850   0.0142  99.3816 0000585  83.6433 245.2733  1.00270770  7028
OBJECT T
1 57183U 23091T   26212.20270995  .00004104  00000-0  19719-3 0  9995
2 57183  97.5058 270.5640 0009816 324.0072  36.0500 15.19358896170654
GAOFEN-5 02
1 49122U 21079A   26212.19167627  .00000114  00000-0  35062-4 0  9995
2 49122  98.2594 286.1757 0001284 135.3866 224.7436 14.57712849260497
SHIJIAN 6 01A (SJ-6 01A)
1 28413U 04035A   26211.07003952  .00007650  00000-0  37316-3 0  9999
2 28413  97.5849 238.3006 0005663   6.0053 354.1248 15.18581336193975
HAIYANG 3A
1 58349U 23176A   26212.19135543  .00000103  00000-0  52620-4 0  9995
2 58349  98.5449 289.6563 0008411 251.1606 108.8667 14.34133994141625
PICO-1A-1
1 99024U          23325.95555556  .00000000  00000-0  71105-4 0    05
2 99024  97.4837  38.7502 0015373 231.5222 237.3442 15.14398988    06
PICO-1A-2
1 99023U          23325.95555556  .00000000  00000-0  71105-4 0    04
2 99023  97.4837  38.7502 0015373 231.5222 237.3442 15.14398988    05
PICO-1A-3
1 99022U          23325.95555556  .00000000  00000-0  71105-4 0    03
2 99022  97.4837  38.7502 0015373 231.5222 237.3442 15.14398988    04
PICO-1A-4
1 99021U          23325.95555556  .00000000  00000-0  71105-4 0    02
2 99021  97.4837  38.7502 0015373 231.5222 237.3442 15.14398988    03
PICO-1A-5
1 99020U          23325.95555556  .00000000  00000-0  71105-4 0    01
2 99020  97.4837  38.7502 0015373 231.5222 237.3442 15.14398988    02
PICO-1A-6
1 99019U          23325.95555556  .00000000  00000-0  71105-4 0    09
2 99019  97.4837  38.7502 0015373 231.5222 237.3442 15.14398988    00
PICO-1A-7
1 99018U          23325.95555556  .00000000  00000-0  71105-4 0    08
2 99018  97.4837  38.7502 0015373 231.5222 237.3442 15.14398988    09
PICO-1A-9
1 99016U          23325.95555556  .00000000  00000-0  71105-4 0    06
2 99016  97.4837  38.7502 0015373 231.5222 237.3442 15.14398988    07
MALLIGYONG-1
1 58400U 23179A   26212.19652610  .00003005  00000-0  13113-3 0  9992
2 58400  97.2953  92.4941 0006956 225.0477 135.0197 15.22875331149452
TIANQI 23
1 57794U 23135C   26211.82576200 -.00000040  00000-0  52567-4 0  9992
2 57794  49.9742 328.9482 0013314  54.4938 305.7214 14.23063076150842
TIANQI 22
1 57793U 23135B   26211.85622237  .00000372  00000-0  23305-3 0  9990
2 57793  49.9702 328.7261 0012554  55.5975 304.6123 14.23265348150841
TIANQI 21
1 57792U 23135A   26211.87720053  .00000145  00000-0  13368-3 0  9992
2 57792  49.9732 328.4873 0013121  50.8288 309.3788 14.23140758150852
SKYMED 1
1 31598U 07023A   26212.17781292  .00001576  00000-0  14116-3 0  9993
2 31598  97.8849  44.4091 0001367  83.7502 276.3875 14.97290449 36373
SPIRIT
1 58468U 23185G   26209.85065954  .01420462  23713-5  89666-3 0  9999
2 58468  97.3136 298.5371 0010624 255.2755 104.7356 16.17601360149226
KORSAT 7
1 58463U 23185B   26212.18743067  .00002121  00000-0  16984-3 0  9991
2 58463  97.6376 275.7324 0023515 172.3174 187.8415 15.01031054145887
UHETSAT
1 58466U 23185E   26212.22807575  .00006146  00000-0  20250-3 0  9996
2 58466  97.3452 279.3075 0013826 148.2303 211.9776 15.31741558148034
ION SCV-015
1 58469U 23185H   26212.18524411  .00007102  00000-0  22137-3 0  9998
2 58469  97.5764 302.0012 0007511 308.4807  51.5761 15.33550127147823
LEMUR 2 SPECIAL K
1 48273U 21034F   26211.79956781  .00470522  00000-0  19749-2 0  9990
2 48273  97.5624 302.3669 0006161 234.4826 125.5869 15.84347239288540
VENUS
1 42901U 17044B   26212.15172300  .00003105  00000-0  16896-3 0  9996
2 42901  97.2694 246.8659 0003126 171.3471 188.7816 15.15147138487612
LKW-1
1 43034U 17077A   26212.22015663  .00005676  00000-0  23499-3 0  9998
2 43034  97.0967 244.1246 0002084  76.8814 283.2657 15.24299868481409
ONEWEB-0639
1 55803U 23029H   26211.77821531 -.00000032  00000-0 -11238-3 0  9998
2 55803  87.9177 296.2972 0003051 110.5122 249.6338 13.19726630164655
BANE
1 58465U 23185D   26165.11067950  .14997138  25321-5  30011-3 0  9994
2 58465  97.3104 254.5514 0013007 263.1406  96.8417 16.46170839142369
FALCONSAT-10
1 58291U 23174AM  26211.71644424  .00005049  00000-0  18710-3 0  9994
2 58291  97.3786 287.3316 0009265  43.4462 316.7506 15.28050907151419
QUAKESAT
1 27845U 03031F   26211.90488017  .00000346  00000-0  16664-3 0  9991
2 27845  98.6641 220.1441 0009878  78.1145 282.1141 14.24980533197830
PRISMA
1 44072U 19015A   26212.18038392  .00001239  00000-0  15647-3 0  9991
2 44072  97.8632 286.2927 0001370  87.3321 272.8050 14.83667941398570
RISAT-2BR2
1 46905U 20081A   26211.77703889  .00003893  00000-0  30245-3 0  9996
2 46905  36.9005 325.5288 0012934 157.1749 202.9569 15.01270353314025
LEMUR 2 JK0903EM1407
1 58336U 23174CJ  26211.77224087  .00028762  00000-0  44800-3 0  9995
2 58336  97.3922 303.5375 0002662 318.8952  41.2100 15.53844292152499
HOTSAT-1
1 56954U 23084Y   26212.17590095  .00004454  00000-0  19092-3 0  9996
2 56954  97.6284 347.2178 0002370 120.1319 240.0153 15.23286925173793
AAC-AIS-SAT2
1 56996U 23084BY  26212.14388963  .00002452  00000-0  28188-3 0  9990
2 56996  98.1542 353.0841 0055578 315.9229  43.7562 14.85694395159906
MISRSAT-2
1 58497U 23187B   26212.17635839  .00001113  00000-0  14235-3 0  9993
2 58497  97.9262 293.7646 0010985  11.3304 348.8155 14.83340334143568
ZHEDA PIXING 1C
1 37167U 10047C   26212.11487769  .00002554  00000-0  26277-3 0  9995
2 37167  97.9804 194.2133 0019926 138.5290 221.7444 14.91081663856979
AURA
1 28376U 04026A   26212.14921640  .00000686  00000-0  14839-3 0  9996
2 28376  98.3444 168.9746 0001534  92.5890 267.5486 14.61388958172637
AQUA
1 27424U 02022A   26212.19839875  .00000681  00000-0  14529-3 0  9997
2 27424  98.4313 182.3690 0001521  99.5659 350.1490 14.62149859289707
SHIELDS 1
1 43850U 18104B   26043.80785543  .11914064 -15394-5  10587-3 0  9997
2 43850  84.9803 217.3496 0008922 267.8516  92.1774 16.51668686400571
LEMUR 2 PETERG
1 42841U 17042S   26211.06679348  .00026424  00000-0  76307-3 0  9992
2 42841  97.3997  36.2224 0004304 167.7326 192.4024 15.35635727495012
CORVUS BC4
1 43767U 18099K   26211.05415058  .00004654  00000-0  26851-3 0  9998
2 43767  97.4044 252.7823 0007584 200.8112 159.2811 15.12808761418889
MOMENTUS-X1
1 44408U 19038Y   26211.68560994  .00054463  00000-0  44245-3 0  9994
2 44408  97.6711 261.1710 0007369 191.5087 168.6007 15.70524368393371
DMSP 5D-3 F16 (USA 172)
1 28054U 03048A   26212.23475875 -.00000003  00000-0  22073-4 0  9990
2 28054  98.9886 236.3526 0007566  30.7701  37.1939 14.14485857175718
NANOFF B
1 58755U 23185S   26212.05438440  .00003802  00000-0  22143-3 0  9998
2 58755  97.5240 278.9111 0013278 148.0631 212.1408 15.12550223140506
FENGYUN 2H
1 43491U 18050A   26211.82779991 -.00000123  00000-0  00000+0 0  9995
2 43491   3.1385  78.5587 0002069 142.3300 104.5099  1.00275342 29871
EROS B
1 29079U 06014A   26036.62405139  .40100622  32075-5  68134-2 0  9996
2 29079  97.3469 162.1703 0054655 337.2927  22.5949 16.28449932 99495
NANOFF A
1 58810U 23185T   26212.05437853  .00003869  00000-0  22532-3 0  9992
2 58810  97.5239 278.8845 0010977 149.5845 210.6025 15.12554044139674
GRUS-1A
1 43890U 18111Q   26212.16545429  .00001464  00000-0  12604-3 0  9996
2 43890  97.4445  77.3158 0007769  22.3678 337.7883 14.98782324414294
ZY 1
1 38038U 11079A   26212.18753057  .00000212  00000-0  83980-4 0  9996
2 38038  98.4054 278.5714 0006662 165.1264 280.2231 14.38246494765532
GPM
1 39574U 14009C   26212.16254669  .00008409  00000-0  18079-3 0  9993
2 39574  64.9713 160.7647 0010760 266.3422  93.6489 15.45236212704607
NINGXIA-1 2
1 44780U 19076B   26211.84706670 -.00000140  00000-0 -64601-5 0  9995
2 44780  45.0103 345.0966 0006464 349.8232  10.2470 14.02022615343986
GNOMES-3
1 52158U 22033B   26212.03118300  .00001839  00000-0  22043-3 0  9995
2 52158  97.8214 287.5559 0011198 172.0579 188.0815 14.85229259233844
ZHEDA PIXING 1B
1 37166U 10047B   26212.18222588  .00002126  00000-0  21830-3 0  9992
2 37166  97.9513 190.7099 0020406 131.8167 228.4797 14.91346712856975
ASTROCAST-0101
1 47430U 21006T   26179.81698145  .05040908  23401-5  19512-2 0  9995
2 47430  97.2027 249.7266 0015329 265.1088  94.8453 16.23711460301821
THEOS
1 33396U 08049A   26212.14456676  .00000026  00000-0  31833-4 0  9997
2 33396  98.5548 267.9945 0001138  93.9497 266.1810 14.20138225924200
SHIYAN 3 (SY-3)
1 33433U 08056A   26211.69578010  .00000142  00000-0  70716-4 0  9995
2 33433  98.6056 237.8110 0013754  11.5894 348.5603 14.30815071925029
NINGXIA-1 3
1 44781U 19076C   26211.90231019 -.00000087  00000-0  28197-4 0  9991
2 44781  45.0023 343.0143 0009728 347.6386  12.4208 14.02008773343998
ZHANGHENG 1
1 43194U 18015C   26212.15671106  .00007038  00000-0  32121-3 0  9996
2 43194  97.6907  18.6949 0017227 112.7297 247.5760 15.20806052471323
OBJECT J
1 58925U 24024J   26211.87338745  .00232772  21470-4  82943-3 0  9998
2 58925  97.3087 305.9686 0005077 238.0708 122.0071 15.88881374176616
WILDFIRE 5
1 57769U 23133N   26212.19611207 -.00000141  00000-0 -13329-3 0  9995
2 57769  81.0049 325.5699 0005420 246.7977 113.2609 13.85547608147124
RISING 2
1 39769U 14029D   26212.20882604  .00006073  00000-0  50626-3 0  9991
2 39769  97.6513 279.9032 0005458 129.5113 230.6593 14.98959238660146
YAOGAN 3
1 32289U 07055A   26212.22305458  .00001912  00000-0  19938-3 0  9999
2 32289  97.8136 241.6658 0001267  88.2663 271.8700 14.90935034 12434
TIRSAT
1 58989U 24032C   26211.12151300  .00001197  00000-0  19598-3 0  9998
2 58989  97.9946 268.7743 0005215  27.3588 332.7893 14.72554059131404
WILDFIRE 3
1 57758U 23133C   26211.83514010  .00000087  00000-0  66000-4 0  9999
2 57758  80.9995 323.9972 0007924 231.3334 128.7115 13.86285563147149
METEOR M2-4
1 59051U 24039A   26212.14711882  .00000018  00000-0  27861-4 0  9990
2 59051  98.7047 170.8992 0007976  48.7653 311.4211 14.22433637125517
OBJECT Q
1 59065U 24039Q   26212.19343025  .00011385  00000-0  23017-3 0  9997
2 59065  97.4852 194.5361 0007568 326.8324  33.2450 15.46611024135449
EXO-0
1 59175U 23174DK  26211.74540652  .00009343  00000-0  27357-3 0  9995
2 59175  97.3806 291.9519 0009159  24.8952 335.2731 15.35411496151721
OBJECT U
1 59071U 24039U   26212.19986369  .00003575  00000-0  27592-3 0  9992
2 59071  95.3882 265.5657 0143739 172.2616 188.0877 14.93998235131318
OBJECT T
1 59068U 24039T   26212.22341918  .00004457  00000-0  34345-3 0  9991
2 59068  95.3877 265.5319 0143949 172.2881 188.0608 14.93961043131319
OBJECT S
1 59067U 24039S   26212.19863986  .00003399  00000-0  26504-3 0  9992
2 59067  95.3878 265.2228 0144767 173.9162 186.3867 14.93534297131285
OBJECT R
1 59066U 24039R   26212.19116308  .00003674  00000-0  28488-3 0  9999
2 59066  95.3880 265.3292 0144422 173.2860 187.0347 14.93748447131291
OBJECT B
1 58821U 24016B   26212.14262664  .00283586  30832-4  10522-2 0  9995
2 58821  97.4444 312.6308 0007417 243.4699 116.5812 15.88031439141111
BNU-1
1 44529U 19059B   26212.15754662  .00000263  00000-0  82460-4 0  9992
2 44529  98.6116 342.0708 0012150 237.5821 122.4197 14.48417516363355
SAOCOM 1-A
1 43641U 18076A   26212.15295027  .00000819  00000-0  10947-3 0  9996
2 43641  97.8885  38.2640 0001506  86.5107 273.6279 14.82159639422616
HODOYOSHI 3
1 40015U 14033F   26211.02734653  .00001292  00000-0  15451-3 0  9996
2 40015  97.6462  12.3565 0032006 211.2087 148.7229 14.85468679653982
METHANESAT
1 59101U 24043D   26211.87316034  .00001513  00000-0  13221-3 0  9995
2 59101  97.8513 343.1513 0009149 219.5327 140.5229 14.98293401131192
RROCI-2
1 59106U 24043J   26211.94572113  .00001625  00000-0  13512-3 0  9997
2 59106  97.8535 345.0915 0011908 230.7841 129.2325 15.00110297131321
BRO-12
1 59108U 24043L   26212.14058291  .00000607  00000-0  58022-4 0  9993
2 59108  97.8536 343.4857 0007642 197.7005 162.3951 14.96931680131217
BRO-13
1 59107U 24043K   26212.15162403  .00000726  00000-0  68803-4 0  9994
2 59107  97.8544 343.3243 0008371 204.7951 155.2868 14.96684310131192
LIZZIESAT
1 59132U 24043AL  26211.92014795  .00004192  00000-0  15711-3 0  9996
2 59132  97.5695 348.3595 0012235  91.7975 268.4665 15.27767685133616
JACKAL-01
1 98922C 24043AJ  24064.97064002 -.00029666  00000+0 -15235-2 0    08
2 98922  97.4583 190.2675 0011705 291.9497 116.7363 15.16533473    19
OPTIMUS-2
1 98924C 24043AG  24064.96912382 -.00022852  00000+0 -11726-2 0    03
2 98924  97.4607 190.2683 0012310 292.6704 107.7367 15.16553289    10
JACKAL-02
1 98923C 24043AH  24064.96982752 -.00028660  00000+0 -14603-2 0    00
2 98923  97.4581 190.2667 0012208 286.9284 117.3245 15.16802525    19
APEX ARIES 1
1 59129U 24043AH  26212.17295303  .00023185  00000-0  31149-3 0  9992
2 59129  97.5524   4.9406 0005672  54.5567 305.6217 15.57903615134762
YAM-6
1 59126U 24043AE  26211.91798002  .00008595  00000-0  23304-3 0  9996
2 59126  97.5619 354.3035 0009513  76.8781 283.3524 15.37847227134034
PYXIS
1 98928C 24043Z   24064.96362498 -.00019857  00000+0 -10212-2 0    04
2 98928  97.4616 190.2622 0012654 293.5426  76.8606 15.16470561    12
ROSE
1 98927C 24043AB  24064.96436803 -.00012115  00000+0 -62395-3 0    05
2 98927  97.4583 190.2622 0012061 295.1627  79.3014 15.16422602    11
SENTRY
1 59140U 24043AU  26083.41189137  .04762685  25479-5  11746-2 0  9996
2 59140  97.5148 239.7250 0008888 280.4836  79.5456 16.29150633115421
CONTECSAT-1
1 59117U 24043V   26212.16538571  .00009501  00000-0  26102-3 0  9994
2 59117  97.5701 354.4607 0011421  81.2026 279.0511 15.37385215134004
SONATE-2
1 59112U 24043Q   26210.97809520  .00045149  00000-0  51672-3 0  9999
2 59112  97.5569   4.1152 0005882  53.9240 306.2561 15.61999425134563
PE2_FLT1 (TYVAK-0261)
1 59105U 24043H   26211.95996141  .00002419  00000-0  21324-3 0  9990
2 59105  97.8425 342.7365 0005066 245.0092 115.0603 14.97391332131201
PE2_FLT2 (TYVAK-0262)
1 59104U 24043G   26211.82583632  .00002448  00000-0  21567-3 0  9993
2 59104  97.8438 342.6445 0005094 251.2902 108.7767 14.97403174131187
MUSAT2
1 59099U 24043B   26211.89285394  .00005992  00000-0  38205-3 0  9991
2 59099  97.8654 351.5934 0007371 175.4732 184.6563 15.09092444131680
VEERY-0E
1 98913C 24043E   24064.95738192  .00070905  00000+0  35639-2 0    04
2 98913  97.4682 190.2519 0011942 275.7224  60.6004 15.17249766    16
OBJECT W
1 56866U 23081W   26212.16199589  .00006025  00000-0  24010-3 0  9999
2 56866  97.2868 274.5535 0009910 206.4242 153.6493 15.25537341174732
OBSERVER-1A
1 58323U 23174BV  26212.17698194  .00010137  00000-0  25987-3 0  9992
2 58323  97.3934 296.3461 0007398  11.7052 348.4364 15.39533507151978
GHOST-4
1 59133U 24043AM  26210.95486475  .00014729  00000-0  31979-3 0  9998
2 59133  97.5655 357.5867 0008577  68.6996 291.5167 15.44440460134137
COSMOS 2501 (GLONASS)
1 40315U 14075A   26209.59544939  .00000053  00000-0  00000-0 0  9995
2 40315  63.6188 188.9387 0022644 212.3707 147.4784  2.13101512 90731
NAVSTAR 56 (USA 180)
1 28474U 04045A   26210.66666667 -.00000079  00000-0  00000-0 0  9995
2 28474  55.1084 323.1852 0170507 317.3828  31.7454  2.00558075159276
NAVSTAR 59 (USA 192)
1 29601U 06052A   26210.79839339  .00000064  00000-0  00000-0 0  9993
2 29601  54.9311 212.3172 0084774  91.0485 269.9414  2.00560520144260
LES 5
1  2866U 67066E   26211.81285402 -.00000053  00000-0  00000+0 0  9997
2  2866   2.7217  95.0830 0051328 214.4233 295.2693  1.09425258131519
QAEM 100 R/B
1 58818U 24015B   26211.31120060  .00000119  00000-0  65661-4 0  9996
2 58818  64.5038 307.9688 0036651 248.1875 111.5311 14.44315831133133
USA 184
1 29249U 06027A   25061.43605570 0.00000030  00000-0  00000-0 0    01
2 29249  63.5688 295.0503 7092995 274.1647  14.7875  2.00618127    09
ICEYE-X38
1 59100U 24043C   26212.16250030  .00004960  00000-0  28313-3 0  9997
2 59100  97.8458 357.1431 0001188 309.2234  50.8891 15.13220861118328
ICEYE-X37
1 59102U 24043E   26211.95884447  .00003399  00000-0  23471-3 0  9995
2 59102  97.8364 349.6681 0014362 216.0747 143.9511 15.06396790131674
CAS500-1
1 47932U 21022A   26212.16560686  .00001222  00000-0  59568-4 0  9997
2 47932  97.3836 106.5159 0006831 124.7724 235.4156 15.20175065297449
ICEYE-X30
1 56947U 23084R   26143.38323289  .14366460  26620-5  36953-3 0  9992
2 56947  97.5435 302.7258 0012790 274.1156  85.8683 16.44816394165060
HORACIO
1 59098U 24043A   26212.15501683  .00001927  00000-0  16530-3 0  9993
2 59098  97.8560 344.2326 0010250 231.7183 128.3118 14.98683152131258
LEMUR 2 CAEL
1 58903U 24022E   26211.83254538  .00017690  00000-0  41167-3 0  9990
2 58903  97.4040  63.3952 0005710 305.6100  54.4615 15.42345469139064
GHOST-5
1 59130U 24043AJ  26211.87014291  .00013613  00000-0  30021-3 0  9998
2 59130  97.5643 358.0283 0008246  66.9230 293.2886 15.43999079134258
TABLETSAT AURORA
1 40017U 14033H   26212.19684637  .00005114  00000-0  25369-3 0  9999
2 40017  98.0229 288.9521 0012554  68.8683 291.3890 15.18147964661882
SJ-9B
1 38861U 12056B   26212.19197403  .00001536  00000-0  15855-3 0  9999
2 38861  97.6014 194.7077 0016862  70.6399 289.6641 14.91467401746287
CENTAURI-6
1 59451U 24066K   26212.18032760  .00004705  00000-0  33266-3 0  9991
2 59451  45.6068  24.6743 0001899 280.3622  79.7048 15.06185215126751
AAC-AIS-SAT3
1 58997U 23174DJ  26212.14056519  .00003272  00000-0  38960-3 0  9992
2 58997  97.6214 258.9022 0007121 162.7364 197.4095 14.84976156147678
OBJECT G
1 58923U 24024G   26111.61655249  .10152892  24702-5  94718-3 0  9998
2 58923  97.2921 208.5414 0015510 249.5484 110.4149 16.38359028124621
HAWK-8A
1 59443U 24066B   26212.15655197  .00002277  00000-0  20222-3 0  9994
2 59443  45.5995  49.2789 0003460 279.1581  80.8909 14.99323687126431
KORSAT-1
1 59452U 24066L   26212.17438624  .00003402  00000-0  29985-3 0  9996
2 59452  45.4119  16.3724 0006543 294.2453  65.7741 14.98374933126652
WSF-M
1 59481U 24070A   26211.88790720  .00000037  00000-0  37656-4 0  9994
2 59481  98.7178 219.2427 0004534 183.4100 176.7046 14.20743754119301
COBE
1 20322U 89089A   26211.91498264 -.00000142  00000-0 -60581-4 0  9991
2 20322  98.8981 213.2010 0007887 325.1867  95.0622 14.05472447880801
ACS 3
1 59588U 24077B   26211.73899751  .00008459  00000-0  57425-2 0  9997
2 59588  97.1812 120.9103 0132065  18.5690 342.0231 13.96114348114110
NEONSAT-1
1 59587U 24077A   26212.15897823  .00014387  00000-0  36733-3 0  9998
2 59587  97.3483 296.3028 0006967 223.9301 136.1391 15.39568364126494
STRIX-3
1 59224U 24047A   26212.09600887  .00008537  00000-0  39840-3 0  9990
2 59224  97.6648 188.4465 0010846 271.3454  88.6538 15.20047833131416
ASNARO
1 40298U 14070A   26212.14678468  .00006749  00000-0  32010-3 0  9997
2 40298  97.3437 287.0730 0003884  47.4584 312.6978 15.19592256650686
ICEYE-X25
1 56963U 23084AH  26212.19162822  .00029785  00000-0  32012-3 0  9992
2 56963  97.5928   1.6097 0004771 135.7839 224.3801 15.63708662174847
YAOGAN 4
1 33446U 08061A   26211.81439498  .00001073  00000-0  13767-3 0  9991
2 33446  97.9303 145.0048 0012841 291.3217  68.6625 14.83279298952132
OBJECT J
1 59781U 24092J   26212.17750624  .00000159  00000-0  75903-4 0  9995
2 59781  98.6745 331.1789 0013292  82.1718 278.0973 14.31862917115192
OBJECT H
1 59780U 24092H   26212.17897368  .00000137  00000-0  67815-4 0  9990
2 59780  98.6747 331.1747 0013400  81.9756 278.2947 14.31862388115192
OBJECT G
1 59779U 24092G   26212.17911720  .00000124  00000-0  63066-4 0  9997
2 59779  98.6745 331.1826 0013054  80.5436 279.7222 14.31859658115199
HAWK-9A
1 59446U 24066E   26210.98113969  .00001428  00000-0  13408-3 0  9997
2 59446  45.6104  56.0254 0003584 265.2910  94.7562 14.99256350126250
OBJECT H
1 42832U 17042H   26210.98839617  .00004630  00000-0  30102-3 0  9997
2 42832  97.4212  10.0821 0009072 333.4785  26.5979 15.08443132493396
EXCITE
1 43819U 18099BP  26211.05033499  .00002813  00000-0  19296-3 0  9991
2 43819  97.3944 248.1245 0017767 199.8515 160.2024 15.06667082418206
SHIJIAN 6 04A (SJ-6 04A)
1 37179U 10051A   26212.18467980  .00006051  00000-0  29568-3 0  9995
2 37179  97.8273 236.9029 0020084  76.1143 284.2322 15.18465650863621
HAIYANG 2A
1 37781U 11043A   26212.17925071 -.00000064  00000-0 -22613-4 0  9990
2 37781  99.3407 213.8270 0000240 284.3485  75.7637 13.72724329752697
SCISAT 1
1 27858U 03036A   26211.71403213  .00000649  00000-0  87434-4 0  9994
2 27858  73.9292  84.8596 0006605 147.4995 212.6589 14.81496202237899
NEXSAT-1
1 58921U 24024E   26212.20861687  .00006744  00000-0  20671-3 0  9998
2 58921  97.3030 285.7804 0006873 328.4037  31.6793 15.34087110138645
SWARM C
1 39453U 13067C   26212.15673663  .00008893  00000-0  15797-3 0  9991
2 39453  87.3295  38.4725 0003057  86.6985 273.4625 15.50013352713023
SWARM B
1 39451U 13067A   26212.18938801  .00003373  00000-0  11928-3 0  9990
2 39451  87.7479 328.9533 0002303  98.2850 261.8660 15.28814660689967
SWARM A
1 39452U 13067B   26212.15683127  .00008939  00000-0  15822-3 0  9996
2 39452  87.3292  39.8914 0002969  78.7046 281.4548 15.50115046713065
OBJECT C
1 59775U 24092C   26212.17025222  .00010215  00000-0  35163-3 0  9994
2 59775  97.6688 344.4975 0009098  38.2467 321.9417 15.30217941122309
OBJECT B
1 60089U 24116B   26212.16038223  .00001156  00000-0  12194-3 0  9998
2 60089  28.9945 199.5654 0005387 125.1901 234.9198 14.83625090114137
ORBCOMM FM 107
1 40087U 14040B   26210.49749027  .00000321  00000-0  10386-3 0  9998
2 40087  47.0041 252.2203 0001543 300.3414  59.7319 14.58976167640605
ORBCOMM FM 109
1 40086U 14040A   26210.49151598  .00000272  00000-0  93669-4 0  9998
2 40086  47.0020 251.4716 0000737  12.0436 348.0467 14.58881136640526
ORBCOMM FM 118
1 41183U 15081E   26211.28371036  .00000540  00000-0  15030-3 0  9995
2 41183  47.0033 158.0030 0003413 246.4526 113.6001 14.58922380564024
HAMMER
1 59148U 24043BC  26212.14152839  .00022583  00000-0  34055-3 0  9996
2 59148  97.5473   3.1714 0004312  57.7495 302.4176 15.54780298134636
OBJECT B
1 59774U 24092B   26212.14483302  .00009470  00000-0  33352-3 0  9996
2 59774  97.6543 342.4882 0009000  36.4542 323.7308 15.29494886122256
ICEYE-X36
1 59103U 24043F   26212.20191738  .00004456  00000-0  29904-3 0  9991
2 59103  97.8425 351.0801 0006453 160.5217 199.6257 15.07347474131773
LYNK TOWER 1
1 52162U 22033F   26070.14744489  .04219028  24166-5  81675-3 0  9992
2 52162  97.2464 176.1299 0007275 250.4255 109.6255 16.31783425221484
TECHEDSAT-11
1 60208U 24125F   26046.49759830  .22159603  22509-5  50511-2 0  9998
2 60208  97.2328 260.3655 0009466 338.6387  21.4511 16.29991395 90512
R5-S2
1 60207U 24125E   26211.03670605  .00017896  00000-0  36295-3 0  9997
2 60207  97.2322  62.8413 0016788  75.7340 284.5773 15.46277007115802
R5-S4
1 60206U 24125D   26211.96586748  .00017423  00000-0  37737-3 0  9990
2 60206  97.2347  62.9459 0017400  73.8189 286.4974 15.44338388115881
OBJECT A
1 60203U 24125A   26211.09812734  .00096209  00000-0  72655-3 0  9995
2 60203  97.2190  70.8820 0008591  57.6729 302.5366 15.72118719116369
OBJECT G
1 60209U 24125G   26211.11972780  .00074843  00000-0  66149-3 0  9993
2 60209  97.2217  69.7236 0009468  66.1369 294.0884 15.68374518116289
CATSAT
1 60246U 24125J   26211.14338947  .00078000  00000-0  80708-3 0  9994
2 60246  97.2037  64.3669 0017615  28.1343 332.0864 15.64282702114091
NOSS 3-6 (A)
1 38758U 12048A   26201.87058179 0.00000000  00000-0  00000-0 0    05
2 38758  63.4236 122.9872 0316039 357.8416   2.1584 13.41005482    02
GCOM-C
1 43065U 17082A   26211.82244963  .00000113  00000-0  64019-4 0  9995
2 43065  98.6258 284.8854 0001204 102.0568 258.0748 14.27280245448168
OBJECT G
1 60241U 24128G   26212.02408694  .00004186  00000-0  28281-3 0  9999
2 60241  61.9897  60.3196 0034217 143.6048 216.7382 15.07787862112928
OBJECT C
1 60237U 24128C   26212.01924948  .00003800  00000-0  26405-3 0  9996
2 60237  61.9894  62.4499 0034821 144.1750 216.1688 15.06912922112879
ISTSAT-1
1 60238U 24128D   26212.03563378  .00007014  00000-0  41267-3 0  9999
2 60238  61.9876  51.0331 0032514 139.9259 220.4244 15.12108331113091
3CAT-4
1 60236U 24128B   26212.09864501  .00001788  00000-0  14846-3 0  9990
2 60236  61.9912  72.6873 0037032 147.8494 212.4866 15.02347430112701
OBJECT A
1 60235U 24128A   26212.20191256  .00001971  00000-0  16551-3 0  9991
2 60235  61.9938  78.1268 0044441 147.0610 213.3264 15.01303676112616
ROBUSTA-3A
1 60243U 24128J   26212.11564998  .00008269  00000-0  48141-3 0  9994
2 60243  61.9861  52.8387 0035912 137.1267 223.2638 15.12209835113061
OBJECT H
1 60242U 24128H   26212.05947692  .00008388  00000-0  47700-3 0  9994
2 60242  61.9782  50.3191 0034217 139.8658 220.4975 15.13087810113092
OOV-CUBE
1 60240U 24128F   26212.10198804  .00002256  00000-0  18009-3 0  9999
2 60240  61.9947  72.4261 0038945 143.6680 216.7067 15.02937050112712
ARIANE 6 R/B
1 60239U 24128E   26211.86853426  .00001183  00000-0  10844-3 0  9994
2 60239  62.0116  79.8058 0037661 146.4875 213.8609 15.00504572112588
ICEYE-X26
1 56961U 23084AF  26151.53340426  .07996038  26164-5  98774-3 0  9990
2 56961  97.5464 315.9673 0014332 270.4834  89.4821 16.35905726166626
KINEIS-1D
1 60082U 24114D   26212.16583292  .00000598  00000-0  93364-4 0  9998
2 60082  97.9880 231.8234 0002805  73.5605 286.5913 14.76381074113610
ALSAT 2A
1 36798U 10035D   26212.19313632  .00001023  00000-0  16085-3 0  9992
2 36798  97.7640 212.9504 0002144  84.6505 275.4949 14.74544332860247
KINEIS-1E
1 60083U 24114E   26212.16442861  .00000962  00000-0  13175-3 0  9991
2 60083  97.8945 234.8914 0004132  76.9911 283.1762 14.80722226113890
KINEIS-1B
1 60079U 24114A   26212.18083240  .00000887  00000-0  12219-3 0  9994
2 60079  97.9829 236.1562 0001634 353.8153   6.3039 14.80691931113913
PNEO4
1 49070U 21073E   26212.18300737  .00000485  00000-0  68291-4 0  9992
2 49070  97.8947 286.3125 0001433  95.5529 264.5847 14.81674886267889
KINEIS-1C
1 60081U 24114C   26212.14688131  .00000838  00000-0  11581-3 0  9990
2 60081  97.9847 235.9814 0002364  74.5167 285.6306 14.80691383113882
KINEIS-1A
1 60084U 24114F   26212.19800292  .00000833  00000-0  11508-3 0  9996
2 60084  97.8918 235.0126 0004286  20.6185 339.5200 14.80707604113906
ICEYE-X4
1 44390U 19038D   26212.21992025  .00011867  00000-0  40729-3 0  9992
2 44390  97.8735 247.7466 0014292 144.7048 215.5140 15.30220512388539
Ofeq 16
1 45860U 20044A   26192.06578033 0.00002200  00000-0  18339-3 0    09
2 45860 141.0845 341.1901 0010440 109.2332 250.7661 14.97770392    02
EINSTEIN PROBE
1 58753U 24007A   26211.89122766  .00002721  00000-0  19082-3 0  9999
2 58753  28.9995 289.1793 0009345 313.9053  46.0773 15.02082926140148
JASON 3
1 41240U 16002A   26212.19691047 -.00000048  00000-0  55693-4 0  9995
2 41240  66.0419  33.3079 0008109 269.2153  90.7937 12.87629319492918
GOES 16
1 41866U 16071A   26211.86264007 -.00000086  00000-0  00000+0 0  9999
2 41866   0.4404  85.3523 0000953  88.7381 340.2504  1.00271678 35544
ALPHASAT (I-4A F4)
1 39215U 13038A   26211.90878125  .00000139  00000-0  00000+0 0  9999
2 39215   2.9997   1.0242 0002863 149.3576 150.1905  1.00270985 44451
PNEO3
1 48268U 21034A   26212.21678699 -.00000270  00000-0 -27706-4 0  9996
2 48268  97.8947 286.3500 0001362  97.5526 262.5841 14.81670587284171
ICEYE-X21
1 55049U 23001AS  26175.21618542  .01585954  23968-5  60214-3 0  9995
2 55049  97.3001 262.6152 0012377 285.9702  74.0225 16.24069885194757
UFO 11 (USA 174)
1 28117U 03057A   26210.97167089 -.00000101  00000-0  00000-0 0  9995
2 28117   8.9486  33.5874 0003031 112.5499 226.7869  1.00271927 82878
FLOCK 4Q 1
1 58270U 23174Q   26173.35000446  .04501227  24635-5  14221-2 0  9998
2 58270  97.3819 269.3494 0017907 276.3246  83.6006 16.25979091146858
OBJECT BQ
1 60530U 24149BQ  26211.76842532  .00002204  00000-0  19865-3 0  9993
2 60530  97.6777 285.6216 0001806 100.8553 259.2872 14.96573769106476
CONNECTA IOT-3
1 60475U 24149H   26211.19773453  .00004052  00000-0  17088-3 0  9991
2 60475  97.3719 286.5064 0004660 108.1343 252.0402 15.23861735108350
NIGHTJAR
1 60535U 24149BV  26211.77774297  .00003226  00000-0  26922-3 0  9998
2 60535  97.6859 287.8791 0002261  62.7134 297.4319 14.99270025149403
CAPELLA-15 (ACADIA-5)
1 98863C 24149CW  24229.89650970 -.00076976  00000+0 -75840-2 0    02
2 98863  97.7459 305.3851 0005951 140.4822 217.9113 14.92163222    10
LEMU-NGE
1 60532U 24149BS  26212.02402444  .00002769  00000-0  25765-3 0  9991
2 60532  97.6824 286.0973 0001329 134.7436 225.3894 14.95117246106507
SATELIOT_4
1 60537U 24149BX  26211.69254025  .00002482  00000-0  22178-3 0  9995
2 60537  97.6722 285.3512 0000920 182.5284 177.5933 14.96809915106489
GNOMES-5
1 98841C 24149CP  24229.89561965 -.00076748  00000+0 -76177-2 0    04
2 98841  97.7506 305.3839 0004412 139.6930 213.9132 14.91874103    19
DEIMOS
1 60526U 24149BL  26211.80417072  .00020555  00000-0  42598-3 0  9998
2 60526  97.3775 298.6346 0006814 123.2390 236.9513 15.45749650109180
SATORO-T2
1 60477U 24149K   26061.88553982  .13776444  25362-5  33611-3 0  9993
2 60477  97.3523 155.3904 0011875 278.2121  81.7834 16.45214830 86646
LEMUR 2 TOMATOKECHUP
1 60471U 24149D   26211.80749507  .00011054  00000-0  30866-3 0  9997
2 60471  97.3792 293.9873 0003328  92.7052 267.4573 15.36886764108860
WARATAH SEED-1
1 60469U 24149B   26211.74593007  .00013614  00000-0  37822-3 0  9992
2 60469  97.3681 292.3884 0003148  88.3163 271.8442 15.36991921108803
PTD-R (TYVAK-0127)
1 60523U 24149BH  26166.10956565  .08494645  25249-5  54306-3 0  9992
2 60523  97.3587 267.1148 0014665 263.0313  96.9318 16.40205066103118
TOMORROW-S2
1 60485U 24149T   26211.76826704  .00008215  00000-0  25720-3 0  9990
2 60485  97.3809 292.6478 0004646 111.8040 248.3697 15.33356125108769
LEMUR 2 STELLA
1 60533U 24149BT  26211.81916564  .00011122  00000-0  63885-3 0  9999
2 60533  97.6731 294.4883 0001576 122.7677 237.3705 15.12685077107097
KANYINI
1 60556U 24149CS  26212.04776617  .00048554  00000-0  69017-3 0  9995
2 60556  97.3715 300.2297 0003721 107.7062 252.4599 15.56241121109324
ARCTIC WEATHER SATELLITE
1 60543U 24149CD  26211.74344646  .00001048  00000-0  11476-3 0  9993
2 60543  97.6778 280.9584 0001664  12.6785 347.4474 14.89804690105789
HYPERFIELD-1
1 98848C 24149T   24229.82980947  .00002698  00000+0  13191-3 0    08
2 98848  97.4479 305.4175 0007828 143.5281 212.0284 15.18271070    15
TYCHE
1 60496U 24149AE  26211.87662502  .00004009  00000-0  15964-3 0  9994
2 60496  97.3738 289.0994 0003756 130.6155 229.5411 15.25804369108564
TANAGER-1 4001
1 60507U 24149AR  26211.83353558  .00000349  00000-0  95171-5 0  9994
2 60507  97.2287 305.8727 0001649 110.7475 249.3950 15.43958398109773
ORESAT0.5
1 60525U 24149BK  26211.81127557  .00021258  00000-0  42635-3 0  9997
2 60525  97.3715 298.5259 0006671 117.6307 242.5620 15.46701473109219
CONNECTA IOT-1
1 60472U 24149E   26211.76771674  .00004357  00000-0  18360-3 0  9996
2 60472  97.3743 287.3271 0003613 111.8439 248.3183 15.23852419108439
SATELIOT_3
1 60552U 24149CN  26211.75050124  .00002444  00000-0  21073-3 0  9994
2 60552  97.6796 287.7547 0003295 300.9633  59.1266 14.98212573106601
EAGLEEYE
1 60508U 24149AS  26211.80425625  .00178639  00000-0  90218-3 0  9990
2 60508  97.3696 307.8530 0002497 175.8778 184.2512 15.81108050109802
PTD-4
1 60565U 24149DB  26211.76854811  .00022554  00000-0  93927-3 0  9995
2 60565  97.6964 301.7227 0002497 214.6798 145.4276 15.23743363107459
UMBRA-09
1 98832C 24149CY  24229.89677706 -.00077083  00000+0 -76165-2 0    05
2 98832  97.7508 305.3853 0005045 144.5390 215.2800 14.92052535    10
UMBRA-10
1 98833C 24149CT  24229.89609535 -.00076749  00000+0 -75306-2 0    05
2 98833  97.7502 305.3845 0006182 149.9416 206.2190 14.92325966    10
CAKRA-1
1 98861C 24149V   24229.83006873 -.00000033  00000+0 -17114-5 0    05
2 98861  97.4431 305.4181 0005199  77.7796 279.2026 15.16596912    15
YAM-7
1 60504U 24149AN  26211.75110177  .00007413  00000-0  23951-3 0  9994
2 60504  97.3771 291.8361 0004794 126.1930 233.9756 15.32382479108724
SATELIOT_2
1 60534U 24149BU  26211.75735874  .00002540  00000-0  22861-3 0  9999
2 60534  97.6811 285.9175 0001413  89.6357 270.5026 14.96508592106486
LEMUR 2 MARHISYAM
1 60536U 24149BW  26212.01488181  .00009516  00000-0  55692-3 0  9995
2 60536  97.6874 295.1769 0001364  43.9721 316.1618 15.12057242107106
CONNECTA IOT-4
1 60524U 24149BJ  26211.78917017  .00022002  00000-0  48803-3 0  9991
2 60524  97.3791 296.7199 0006711 128.1803 232.0050 15.43727983109052
CUAVA-2
1 60527U 24149BM  26212.03987510  .00013239  00000-0  36638-3 0  9993
2 60527  97.3716 293.6587 0007994 129.6605 230.5346 15.37093130108906
TOMORROW-S1
1 60479U 24149M   26211.80426824  .00007848  00000-0  24627-3 0  9993
2 60479  97.3741 292.1519 0004353  96.5372 263.6366 15.33301082108776
BRO-15
1 60553U 24149CP  26211.78162416  .00000390  00000-0  39617-4 0  9998
2 60553  97.6787 286.3356 0006660 309.2594  50.8036 14.96247752106521
ERNST
1 60528U 24149BN  26211.77686294  .00014353  00000-0  35805-3 0  9992
2 60528  97.3802 295.8529 0007208 131.1930 228.9939 15.40276850108983
GNA-3
1 98828C 24149S   24229.82957104  .00002964  00000+0  14464-3 0    05
2 98828  97.4467 305.4173 0008238 143.0641 211.1930 15.18340742    10
ION SCV-012
1 60573U 24149DK  26211.74192096  .00001318  00000-0  12563-3 0  9994
2 60573  97.6757 284.8427 0001959 314.6942  45.4119 14.95017676106425
QUBE
1 60476U 24149J   26211.80071492  .00029296  00000-0  53685-3 0  9994
2 60476  97.3769 299.1356 0003146  95.3418 264.8192 15.49264149109215
BRO-14
1 60551U 24149CM  26211.19687668  .00000747  00000-0  71194-4 0  9994
2 60551  97.6855 286.2002 0005662 322.8228  37.2600 14.96264301106422
HYPSO-2
1 60531U 24149BR  26211.99353662  .00001988  00000-0  16895-3 0  9998
2 60531  97.6802 287.6195 0000760 134.3681 225.7604 14.98986816106616
QPS-SAR-8 AMATERU-IV
1 60542U 24149CC  26211.76173657  .00005837  00000-0  42073-3 0  9993
2 60542  97.6660 290.5531 0002272 347.9919  12.1252 15.04538027106828
SATELIOT_1
1 60550U 24149CL  26211.77447538  .00002033  00000-0  17603-3 0  9991
2 60550  97.6749 286.9474 0004669 297.5268  62.5480 14.98229979106590
CONNECTA IOT-2
1 60522U 24149BG  26212.03603684  .00004517  00000-0  18756-3 0  9995
2 60522  97.3826 289.5223 0007147 157.0213 203.1346 15.24314378108579
IPERDRONE.0
1 60520U 24149BE  26211.26366494  .00100531  00000-0  70634-3 0  9998
2 60520  97.3759 306.8168 0002335 138.7406 221.4035 15.73852503109678
OBJECT B
1 60013U 24110B   26212.19417233  .00007940  00000-0  33959-3 0  9993
2 60013  97.5739 308.4993 0012297  97.0583 263.2052 15.23039463118883
OBJECT D
1 60015U 24110D   26212.19432656  .00007957  00000-0  32520-3 0  9992
2 60015  97.5761 309.9089 0011307  97.8064 262.4457 15.24585798118962
ICEYE-X35
1 58302U 23174AY  26212.20504299  .00058329  00000-0  81170-3 0  9996
2 58302  97.3775 298.1237 0005834  44.4903 315.6820 15.56763149152183
UM5-EOSAT
1 60555U 24149CR  26211.75018957  .00003331  00000-0  25989-3 0  9991
2 60555  97.6774 290.0064 0007956 353.9356   6.1771 15.01816081106757
UM5-RIBAT
1 60554U 24149CQ  26211.79827543  .00002800  00000-0  22234-3 0  9993
2 60554  97.6574 289.0023 0001697 201.4621 158.6533 15.01286874106733
JASON 2
1 33105U 08032A   26211.84183803 -.00000035  00000-0  10872-3 0  9992
2 33105  66.0422 319.0474 0007920 268.6388 228.7022 12.87695809849325
PLEIADES 1B
1 39019U 12068A   26212.19053045  .00000132  00000-0  38126-4 0  9999
2 39019  98.1935 286.6307 0001309  74.5276 285.6068 14.58542230727268
OBJECT E
1 59777U 24092E   26211.90422434  .00019256  00000-0  50955-3 0  9992
2 59777  97.6628 346.8010 0006196   4.0357 356.0936 15.38417232122461
OBJECT D
1 59776U 24092D   26211.88731995  .00019018  00000-0  50198-3 0  9998
2 59776  97.6627 346.8325 0006070   4.1862 355.9432 15.38497824122465
OBJECT K
1 59809U 24092K   26211.90158589  .00018637  00000-0  49763-3 0  9992
2 59809  97.6622 346.5857 0006297   3.8454 356.2837 15.38145542121951
OBJECT B
1 59918U 24105B   26212.20965644  .00007305  00000-0  34424-3 0  9998
2 59918  97.5807 227.8460 0014126  92.8520 267.4332 15.19719920119731
OBJECT A
1 59917U 24105A   26212.19920556  .00003079  00000-0  15756-3 0  9999
2 59917  97.5831 227.4790 0015132  78.0826 282.2103 15.17300965119703
OBJECT A
1 60468U 24149A   26211.74949797  .00008845  00000-0  27482-3 0  9993
2 60468  97.3718 291.5593 0004742  79.1616 281.0160 15.33575348108733
LUR-1
1 60506U 24149AQ  26211.79061157  .00007135  00000-0  24339-3 0  9995
2 60506  97.3724 290.3138 0005270 135.9022 224.2640 15.30638792108646
OBJECT F
1 59778U 24092F   26210.88280399  .00020033  00000-0  51680-3 0  9992
2 59778  97.6618 346.1084 0006370   6.8796 353.2535 15.39189445122339
SEDNA-1
1 60580U 24149DS  26212.02237191  .00007136  00000-0  47304-3 0  9995
2 60580  97.6629 292.3168 0008993 188.5677 171.5398 15.07559264106995
SPACEMOBILE-005
1 61046U 24163B   26211.90488027  .00008765  00000-0  40846-3 0  9994
2 61046  52.9728 108.3719 0007493 244.7180 115.3038 15.20634081104411
SPACEMOBILE-004
1 61049U 24163E   26211.86958212  .00018518  00000-0  84579-3 0  9998
2 61049  52.9737 108.0500 0005040 273.1510  86.8907 15.20634356104410
SPACEMOBILE-003
1 61045U 24163A   26212.05252600  .00003885  00000-0  18911-3 0  9992
2 61045  52.9707 107.7262 0002927 253.5200 106.5473 15.20683376104440
SPACEMOBILE-002
1 61048U 24163D   26211.88820897  .00018401  00000-0  84391-3 0  9999
2 61048  52.9749 108.2345 0004802 240.7320 119.3194 15.20496298104416
SPACEMOBILE-001
1 61047U 24163C   26211.90277117  .00000125  00000-0  20315-4 0  9993
2 61047  52.9685 108.0806 0005638 248.6658 111.3735 15.20693240104412
CHAMRAN-1
1 61072U 24165B   26212.21040409  .00003141  00000-0  18994-3 0  9990
2 61072  64.0746 257.3566 0057440 304.4808  55.0889 15.11388609103311
KINEIS-3A
1 61223U 24172D   26212.07111943  .00001771  00000-0  28821-3 0  9999
2 61223  98.0422 301.5928 0001044 357.3379   2.7822 14.72280060 99239
PROITERES
1 38756U 12047B   26212.13286689  .00000816  00000-0  10848-3 0  9998
2 38756  98.2336 135.1914 0009279 274.3076  85.7075 14.82575133748822
COSMOS 2517 (GEO-IK)
1 41579U 16034A   26212.18131486 -.00000014  00000-0  26279-4 0  9991
2 41579  99.1894 220.1344 0001077  93.6627 266.4652 13.85907044513722
ALSAT 1B
1 41785U 16059C   26212.14406288  .00000663  00000-0  11220-3 0  9996
2 41785  97.7757 219.0129 0010839  85.0834 275.1611 14.72306934527042
AEROCUBE 16B
1 59291U 24053D   26211.97634336  .00016538  00000-0  35190-3 0  9997
2 59291  49.9909 102.0764 0003235 159.3543 200.7552 15.45039765127951
PICO-02H028
1 60570U 24149DG  26034.65741471  .13402933  26327-5  29722-2 0  9992
2 60570  97.6543 132.2173 0012872 299.5702  60.4308 16.30150024 81324
PICO-02G027
1 60566U 24149DC  26031.22751986  .13254879  26258-5  28791-2 0  9991
2 60566  97.6610 128.7595 0011638 302.3185  57.6981 16.30422006 80819
PICO-02F026
1 60567U 24149DD  26031.90446067  .08775544  25978-5  36338-2 0  9993
2 60567  97.6607 129.8962 0012448 304.2255  55.7855 16.22997613 80917
PICO-02A021
1 60538U 24149BY  26211.16144849  .00005419  00000-0  40043-3 0  9994
2 60538  97.6749 289.6280 0004219 215.3615 144.7331 15.03626844106199
PICO-02I029
1 60568U 24149DE  26032.89200757  .12298623  26260-5  29726-2 0  9998
2 60568  97.6526 130.3820 0012760 301.4854  58.5192 16.29226916 81058
PICO-02C023
1 60564U 24149DA  26044.42348664  .12092122  26305-5  30268-2 0  9995
2 60564  97.6578 142.1406 0012828 296.0281  63.9690 16.28841824 82818
ICEYE-X40
1 60549U 24149CK  26211.78636374  .00002119  00000-0  18361-3 0  9995
2 60549  97.6800 287.5840 0003526 300.1589  59.9284 14.98163921106606
SHIYAN 2 (SY-2)
1 28479U 04046A   26211.91102056  .00000791  00000-0  15108-3 0  9995
2 28479  98.0584 221.1732 0010809 117.7292 242.5009 14.66580667156217
OBJECT BF
1 60521U 24149BF  26202.54104313  .10981040  25523-5  30307-3 0  9998
2 60521  97.3689 301.9473 0013493 271.8896  88.0860 16.44354617108578
ALOS-4
1 60182U 24123A   26212.18751192  .00001353  00000-0  18810-3 0  9999
2 60182  97.9223 308.7315 0001534  99.4725 260.6660 14.79468764112384
JILIN-01 GAOFEN 2D
1 49256U 21086A   26212.20361562  .00003418  00000-0  20629-3 0  9999
2 49256  97.6529 334.9071 0032678 356.5624   3.5375 15.10976145267366
PREFIRE-1
1 59965U 24108A   26210.94738457  .00004819  00000-0  20115-3 0  9991
2 59965  97.5357   5.9355 0012729  92.2595 268.0100 15.24069665119105
PREFIRE-2
1 59881U 24099A   26212.00434008  .00003692  00000-0  16757-3 0  9996
2 59881  97.4036  67.4724 0013463  57.0859 303.1670 15.21343355120794
POLYTECH UNIVERSE-5
1 61745U 24199L   26212.15654303  .00066144  00000-0  62744-3 0  9995
2 61745  97.2873  91.3143 0007585 105.4769 254.7329 15.66675439144552
OBJECT U
1 61753U 24199U   26212.19222228  .00039347  00000-0  52271-3 0  9994
2 61753  97.2902  88.9909 0008289 112.4277 247.7857 15.58076591144407
OBJECT S
1 61751U 24199S   26212.16038030  .00008604  00000-0  23541-3 0  9995
2 61751  97.2931  81.2983 0010642 140.1640 220.0388 15.37537192143894
OBJECT BE
1 61787U 24199BE  26212.13671163  .00008422  00000-0  23268-3 0  9995
2 61787  97.2943  80.7759 0014258 142.2650 217.9597 15.37196055143843
SIT-2086
1 61764U 24199AF  26212.15955559  .00037233  00000-0  53049-3 0  9998
2 61764  97.2860  89.2812 0008770 100.9015 259.3227 15.56195732141264
OBJECT AK
1 61768U 24199AK  26212.16360788  .00021274  00000-0  35977-3 0  9995
2 61768  97.2900  87.5234 0007536 121.3713 238.8278 15.51578104141152
OBJECT BB
1 61784U 24199BB  26212.13897058  .00052759  00000-0  60971-3 0  9999
2 61784  97.2863  89.1700 0010166 114.0593 246.1730 15.61670383144412
RTU MIREA 1
1 61785U 24199BC  26212.17871801  .00068309  00000-0  65567-3 0  9996
2 61785  97.2843  90.3046 0009995 111.3800 248.8528 15.66345214141347
VIZARD-ION
1 61749U 24199Q   26212.17485659  .00037426  00000-0  49482-3 0  9992
2 61749  97.2907  89.3849 0008404 107.4618 252.7557 15.58212806144412
OBJECT AY
1 61781U 24199AY  26212.13970498  .00007043  00000-0  20081-3 0  9990
2 61781  97.2936  80.4181 0014684 144.6537 215.5684 15.36269387140675
OBJECT AL
1 61769U 24199AL  26212.14338145  .00035098  00000-0  48994-3 0  9998
2 61769  97.2862  89.0060 0006574 112.0912 248.1041 15.56781487141251
SIT-HSE
1 61763U 24199AE  26212.15203389  .00038937  00000-0  56423-3 0  9995
2 61763  97.2898  89.2079 0006883 112.0959 248.1027 15.55743896144416
MSU ALTAIR
1 61779U 24199AW  26212.17596189  .00010603  00000-0  28689-3 0  9990
2 61779  97.2965  81.2461 0013728 141.1525 219.0709 15.37782109143876
COLIBRI-S
1 61746U 24199M   26212.19497786  .00021567  00000-0  39186-3 0  9994
2 61746  97.2923  86.4895 0009943 113.9770 246.2524 15.49517617144225
OBJECT R
1 61750U 24199R   26212.17203652  .00037721  00000-0  49470-3 0  9990
2 61750  97.2879  88.8283 0008402 115.6885 244.5240 15.58428066144395
POLYTECH UNIVERSE-4
1 61747U 24199N   26212.18406904  .00018520  00000-0  36642-3 0  9995
2 61747  97.2928  85.6094 0010612 114.1645 246.0716 15.47085620144168
OBJECT AC
1 61761U 24199AC  26212.18077655  .00043039  00000-0  52040-3 0  9991
2 61761  97.2833  89.7655 0007533 106.3244 253.8842 15.60560140144462
HYPERVIEW-1G
1 61772U 24199AP  26212.10917274  .00604703  15285-3  15977-2 0  9997
2 61772  97.2749  94.5355 0006873 140.9071 219.2702 15.94684927141622
OBJECT V
1 61754U 24199V   26212.19545767  .00056195  00000-0  59162-3 0  9997
2 61754  97.2838  90.5182 0007620 108.2344 251.9745 15.64084279144518
OBJECT J
1 61743U 24199J   26212.15016375  .00002561  00000-0  22097-3 0  9994
2 61743  97.3203  48.9547 0004638 276.9999  83.0697 14.98076818138575
OBJECT T
1 61752U 24199T   26212.14743353  .00001898  00000-0  16585-3 0  9993
2 61752  97.3210  48.8190 0004816 277.7597  82.3079 14.97860967141707
OBJECT D
1 61738U 24199D   26212.16936035  .00003011  00000-0  26080-3 0  9990
2 61738  97.3224  48.7954 0004226 280.5689  79.5058 14.97811719138401
OBJECT C
1 61737U 24199C   26212.18560183  .00001670  00000-0  14671-3 0  9990
2 61737  97.3223  48.7715 0004966 282.3659  77.7008 14.97795297138409
OBJECT BG
1 61789U 24199BG  26212.17868602  .00002356  00000-0  20324-3 0  9997
2 61789  97.3228  49.0826 0004163 295.3556  64.7236 14.98161005138625
OBJECT AA
1 61759U 24199AA  26212.19154464  .00001278  00000-0  11247-3 0  9996
2 61759  97.3216  49.0368 0004621 288.7514  71.3208 14.98119618141720
OBJECT Z
1 61758U 24199Z   26212.18737483  .00005730  00000-0  48794-3 0  9996
2 61758  97.3219  49.0388 0004432 288.9108  71.1635 14.98132690141722
OBJECT E
1 61739U 24199E   26212.17504557  .00001918  00000-0  17867-3 0  9999
2 61739  97.3242  47.0750 0010722 276.2580  83.7420 14.95314554138322
OBJECT G
1 61741U 24199G   26212.15957258  .00002849  00000-0  25624-3 0  9994
2 61741  97.3237  47.3997 0010444 275.5848  84.4183 14.96338268138463
OBJECT AX
1 61780U 24199AX  26212.18945625  .00058881  00000-0  63224-3 0  9990
2 61780  97.2840  89.5539 0009093 117.6828 242.5355 15.63554430141308
OBJECT H
1 61742U 24199H   26212.16829250  .00002641  00000-0  23923-3 0  9996
2 61742  97.3238  47.3790 0010420 276.1327  83.8708 14.96121286138342
OBJECT F
1 61740U 24199F   26212.18166001  .00001579  00000-0  14504-3 0  9998
2 61740  97.3237  47.3609 0010826 275.4699  84.5288 14.96093497138491
OBJECT BD
1 61786U 24199BD  26212.15290750  .00030012  00000-0  50998-3 0  9995
2 61786  97.2870  86.8833 0010215 123.2232 237.0001 15.51349153141122
OBJECT AT
1 61776U 24199AT  26212.14865902  .00066624  00000-0  65276-3 0  9993
2 61776  97.2804  90.0814 0008224 117.6717 242.5378 15.65857887144490
OBJECT AB
1 61760U 24199AB  26211.95021164  .00128974  00000-0  83657-3 0  9998
2 61760  97.2819  92.8841 0006555 108.9031 251.2945 15.75602381144648
OBJECT AR
1 61774U 24199AR  26212.18072647  .00063139  00000-0  62951-3 0  9996
2 61774  97.2794  90.0208 0008470 118.5572 241.6542 15.65429061141348
OBJECT AQ
1 61773U 24199AQ  26212.17883751  .00055861  00000-0  60752-3 0  9990
2 61773  97.2822  89.4925 0008642 116.6861 243.5283 15.63244043141300
OBJECT BH
1 61790U 24199BH  26212.19326627  .00001694  00000-0  14763-3 0  9991
2 61790  97.3210  49.0395 0004743 289.9735  70.0977 14.98109244138620
OBJECT AV
1 61778U 24199AV  26212.15705772  .00053149  00000-0  60382-3 0  9995
2 61778  97.2811  89.0289 0008636 117.1680 243.0460 15.62129534141274
OBJECT W
1 61755U 24199W   26211.88628669  .00136714  00000-0  80701-3 0  9995
2 61755  97.2796  93.1946 0006748 110.2907 249.9086 15.77728941144663
OBJECT X
1 61756U 24199X   26211.90104689  .00127996  00000-0  83285-3 0  9992
2 61756  97.2803  93.1677 0007039 135.7197 224.4633 15.75528048144661
OBJECT P
1 61748U 24199P   26211.83634937  .00053828  00000-0  33676-3 0  9990
2 61748  97.2782  92.9108 0007141 112.4648 247.7374 15.76655930144641
OBJECT BF
1 61788U 24199BF  26212.10122738  .00061800  00000-0  69173-3 0  9996
2 61788  97.2810  89.0728 0008648 117.5873 242.6265 15.62480317141258
OBJECT AN
1 61771U 24199AN  26212.16325132  .00050080  00000-0  56636-3 0  9995
2 61771  97.2843  89.2261 0009133 119.4472 240.7699 15.62254856141286
LYNK TOWER 5
1 59121U 24043Z   26211.92178831  .00006053  00000-0  20327-3 0  9993
2 59121  97.5693 350.2719 0012427  93.4661 266.8002 15.31170827133737
SAOCOM 1-B
1 46265U 20059A   26212.18418185 -.00000223  00000-0 -21412-4 0  9991
2 46265  97.8890  37.3918 0001430  83.5321 276.6055 14.82151757320004
OBJECT E
1 61231U 24173E   26212.22698719  .00001475  00000-0  73392-4 0  9992
2 61231  97.4103 283.5719 0001829  83.3341 276.8102 15.19142734102440
IONOSFERA-M 01
1 61735U 24199A   26212.14737898  .00000043  00000-0  38709-4 0  9995
2 61735  98.7110  84.8431 0001797  50.7460 309.3878 14.22761708133951
IONOSFERA-M 02
1 61736U 24199B   26212.18157322  .00000029  00000-0  32614-4 0  9991
2 61736  98.7108  84.7872 0001136 127.3613 232.7669 14.22764937137087
OBJECT AU
1 61777U 24199AU  26212.18435719  .00017403  00000-0  34378-3 0  9997
2 61777  97.2917  85.0132 0016316 114.2475 246.0482 15.47059310140988
OBJECT AS
1 61775U 24199AS  26212.19271887  .00015946  00000-0  33064-3 0  9991
2 61775  97.2917  84.7035 0016109 115.8264 244.4649 15.45668373140965
OBJECT K
1 61744U 24199K   26212.18026814  .00030922  00000-0  47114-3 0  9996
2 61744  97.2880  88.1161 0009469 112.3643 247.8615 15.54389688141197
OBJECT A
1 60745U 24153A   26212.19698804  .00036195  00000-0  60701-3 0  9996
2 60745  97.6784 356.7861 0004265 307.3969  52.6894 15.51734907106929
LEMUR 2 SIERRINI
1 60579U 24149DR  26212.04640068  .00011940  00000-0  70180-3 0  9992
2 60579  97.6836 294.8558 0005352  44.9058 315.2604 15.11825660107086
LEMUR 2 LLOYD
1 60577U 24149DP  26212.05403889  .00010481  00000-0  64805-3 0  9995
2 60577  97.6733 293.2267 0003403  24.3418 335.7971 15.10027096107010
OBJECT C
1 57582U 23117C   26212.17158703  .00024948  00000-0  57533-3 0  9999
2 57582  97.4051 293.8285 0007435  85.4972 274.7125 15.42534475165343
PROTOSAT-1
1 61793U 24201B   26054.82519766  .00032486  00000-0  11844-2 0  9999
2 61793  43.0012 257.7765 0001473 278.2072  81.8612 15.27591600 72764
JILIN-01 GAOFEN 2F
1 49338U 21097A   26212.16383587  .00004116  00000-0  27015-3 0  9990
2 49338  97.6754 338.2734 0019877  78.8856 281.4605 15.08057711262945
SUPERVIEW NEO-1 02
1 52322U 22043C   26212.18283475  .00004309  00000-0  22242-3 0  9997
2 52322  97.3380 283.5680 0002706 139.2152 220.9285 15.16826769236242
ICEYE-X34
1 58294U 23174AQ  26211.77391573  .00198520  00000-0  12355-2 0  9992
2 58294  97.3849 305.3908 0003801 250.5614 109.5241 15.76376241152588
KINEIS-3B
1 61224U 24172E   26211.78198812  .00001997  00000-0  32344-3 0  9992
2 61224  98.0417 301.3277 0000502 318.7912  41.3257 14.72345592 99762
KINEIS-3C
1 61220U 24172A   26211.83978262  .00001819  00000-0  29535-3 0  9990
2 61220  98.0432 301.2757 0002025  57.2977 302.8425 14.72339623 99495
KINEIS-3D
1 61221U 24172B   26211.83308316  .00001826  00000-0  29652-3 0  9996
2 61221  98.0431 301.2790 0001861  59.6942 300.4449 14.72337006 99771
KINEIS-3E
1 61222U 24172C   26211.81611847  .00001803  00000-0  29292-3 0  9996
2 61222  98.0425 301.2421 0001401  80.2592 279.8773 14.72325258 99772
HONGHU 2
1 58555U 23193C   26211.90947251  .00063555  00000-0  11225-2 0  9992
2 58555  97.2806 201.9518 0040995 115.0395 245.5121 15.49190245108738
KINEIS-5E
1 62083U 24219C   26212.14349617  .00000647  00000-0  10998-3 0  9992
2 62083  97.9043   9.8715 0007679 120.1388 240.0581 14.72317423 90233
KINEIS-5C
1 62081U 24219A   26212.16693809  .00000634  00000-0  10783-3 0  9995
2 62081  97.9086   9.8088 0005195 130.3316 229.8346 14.72333778 90220
CROCUBE
1 62394U 24247T   26210.51731721  .00048678  00000-0  81049-3 0  9999
2 62394  44.9716  20.4593 0009518 259.3464 100.6356 15.51285565 89917
LASARSAT
1 62391U 24247Q   26210.83449953  .00038536  00000-0  69807-3 0  9994
2 62391  44.9738  22.0970 0009409 254.5899 105.3953 15.48999685 89920
DJIBOUTI-1B
1 62402U 24247AB  26210.81594592  .00071709  00000-0  83486-3 0  9993
2 62402  44.9703 359.9448 0009482 270.9264  89.0545 15.60791933 90181
CTC-0
1 62401U 24247AA  26210.55719242  .00021584  00000-0  51942-3 0  9992
2 62401  44.9725  34.2227 0006601 202.2411 157.8191 15.40960860 89751
LIZZIESAT-2
1 62383U 24247G   26211.85921145  .00007668  00000-0  26527-3 0  9990
2 62383  44.9922  52.1347 0001438 168.6994 191.3923 15.30463336 89666
GITAI-SC1
1 62388U 24247M   26211.05263492  .00005419  00000-0  24663-3 0  9992
2 62388  45.0035  79.7859 0001545 239.5116 120.5613 15.21767226 89265
XCUBE-1
1 62400U 24247Z   26211.81137750  .00007666  00000-0  26726-3 0  9996
2 62400  44.9971  53.4344 0002078 140.2724 219.8312 15.30212410 89640
PLEIADES-ORPHEUS
1 98724C 24248D   24356.55167141  .00080857  00000+0  38463-2 0    06
2 98724  44.9996   0.5278 0003834  18.1359 115.7653 15.18415623    15
ONDOSAT-OWL-3
1 98723C 24248B   24356.55128947  .00076199  00000+0  36280-2 0    05
2 98723  45.0051   0.5218 0002526   5.6654 126.1680 15.18390130    19
ONDOSAT-OWL-4
1 98722C 24248B   24356.55128947  .00076199  00000+0  36280-2 0    04
2 98722  45.0051   0.5218 0002526   5.6654 126.1680 15.18390130    18
ONDOSAT-OWL-6
1 98720C 24248B   24356.55128947  .00076199  00000+0  36280-2 0    02
2 98720  45.0051   0.5218 0002526   5.6654 126.1680 15.18390130    16
ONDOSAT-OWL-7
1 98719C 24248B   24356.55128947  .00076199  00000+0  36280-2 0    00
2 98719  45.0051   0.5218 0002526   5.6654 126.1680 15.18390130    14
ONDOSAT-OWL-5
1 98721C 24248B   24356.55128947  .00076199  00000+0  36280-2 0    03
2 98721  45.0051   0.5218 0002526   5.6654 126.1680 15.18390130    17
ONDOSAT-OWL-8
1 98718C 24248B   24356.55128947  .00076199  00000+0  36280-2 0    09
2 98718  45.0051   0.5218 0002526   5.6654 126.1680 15.18390130    13
ONDOSAT-OWL-9
1 98717C 24248B   24356.55128947  .00076199  00000+0  36280-2 0    08
2 98717  45.0051   0.5218 0002526   5.6654 126.1680 15.18390130    12
OBJECT J
1 62385U 24247J   26210.51940038  .00052886  00000-0  77028-3 0  9990
2 62385  44.9998  11.6562 0007736 241.2762 118.7355 15.54967458 90033
ONDOSAT-OWL-10
1 98716C 24248B   24356.55128947  .00076199  00000+0  36280-2 0    07
2 98716  45.0051   0.5218 0002526   5.6654 126.1680 15.18390130    11
ONDOSAT-OWL-12
1 98714C 24248H   24356.55243530  .00075084  00000+0  37160-2 0    01
2 98714  45.0011   0.5205 0005283 101.7631  36.3233 15.17035563    18
TANSTAAFL-2
1 62378U 24247B   26210.98181661  .00009399  00000-0  32399-3 0  9995
2 62378  44.9868  58.0387 0001942 213.5510 146.5251 15.30339094 89515
WREN-1
1 60478U 24149L   26211.79647502  .00022910  00000-0  51655-3 0  9996
2 60478  97.3757 296.4151 0005670 107.8644 252.3223 15.43238749109040
KINEIS-5A
1 62084U 24219D   26211.30631222  .00002783  00000-0  44755-3 0  9997
2 62084  97.8981   9.3256 0004944 153.3450 206.8013 14.72331869 90116
FLOCK 4Q 25
1 58303U 23174AZ  26175.56425065  .05358312  24493-5  15889-2 0  9997
2 58303  97.3556 271.9367 0015569 274.8178  85.1337 16.26827539147260
NOVASAR 1
1 43619U 18071B   26212.19179644  .00001094  00000-0  10172-3 0  9992
2 43619  97.5004  82.6942 0001479  81.0391 279.0998 14.96278944429513
OBJECT J
1 44887U 19093J   26212.16252406  .00001261  00000-0  12870-3 0  9993
2 44887  97.7916 296.1125 0011310 290.2940  69.7063 14.92357097358543
OBJECT A
1 56731U 23069A   26212.18280205  .00008639  00000-0  20173-3 0  9993
2 56731  40.9948 275.5754 0007332 249.4289 110.5749 15.42228228179848
HELIOS 2A
1 28492U 04049A   26212.17940500  .00002124  00000-0  16330-3 0  9996
2 28492  98.2528 268.7361 0002952 159.6690 200.4651 15.02923643160378
SDX02
1 62460U 24253B   26212.20294899  .00119797  00000-0  70423-3 0  9993
2 62460  54.9929 139.0623 0004794  52.7660 307.3822 15.77439004 89453
OBJECT G
1 62615U 25009G   26211.75221580  .00007040  00000-0  27404-3 0  9999
2 62615  97.3930 291.2462 0006753 160.7148 199.4347 15.26292206 85440
SCOT-1 (SCOT)
1 62617U 25009J   26212.04111856  .00092555  00000-0  11330-2 0  9993
2 62617  97.3849 301.4373 0004484 154.4422 205.7057 15.60063903 86178
SIGI
1 62632U 25009Z   26212.16232704  .00005706  00000-0  23100-3 0  9990
2 62632  97.3994 291.8375 0004357 137.3338 222.8238 15.25071759 85501
AE1C
1 98698C 25009AC  25014.83766502 -.00021035  00000+0 -10542-2 0    04
2 98698  97.4475  97.5422 0001817 346.3714   4.2416 15.17445628    13
CENTAURI-8
1 62714U 25009DK  26211.77768961  .00004306  00000-0  36929-3 0  9994
2 62714  97.7049 291.3137 0002715  60.6625 299.4868 14.98025089 84008
TROLL
1 62658U 25009BB  26212.01541192  .00009351  00000-0  31587-3 0  9994
2 62658  97.3884 293.6591 0001635 145.6853 214.4494 15.30880383140158
FIREFLY-1
1 62701U 25009CW  26212.13370360  .00000986  00000-0  10075-3 0  9997
2 62701  97.7052 289.3488 0003936 165.6952 194.4379 14.92776625 83877
IRIS-F2
1 62684U 25009CD  26212.03363473  .00015849  00000-0  58561-3 0  9999
2 62684  97.3877 291.3866 0005764 178.1766 181.9495 15.27797654143156
CONNECTA IOT-6
1 62709U 25009DE  26211.72191339  .00000929  00000-0  91721-4 0  9991
2 62709  97.7013 289.2611 0001970  43.1849 316.9525 14.94296493 83865
OBJECT AZ
1 62656U 25009AZ  26211.20544797  .00012802  00000-0  39121-3 0  9993
2 62656  97.3937 294.3153 0002356 136.0903 224.0527 15.34011029 85618
ANSER-LS
1 62644U 25009AM  26211.95994824  .00130469  00000-0  20729-2 0  9995
2 62644  97.3987 299.7438 0002880 166.2615 193.8716 15.52864225 85989
EDISON-1
1 62610U 25009B   26211.75175484  .00013082  00000-0  41754-3 0  9992
2 62610  97.3994 294.2293 0006488 142.7996 217.3696 15.32601172 85626
ION SCV-016
1 62628U 25009V   26212.19939844  .00015252  00000-0  32313-3 0  9990
2 62628  97.4257 245.5076 0579035 326.9990  29.6272 14.53022989 81938
FIREFLY-3
1 62710U 25009DF  26212.15611799  .00001393  00000-0  13996-3 0  9991
2 62710  97.7042 289.3999 0003837  34.1884 325.9581 14.92835300 83891
MBZ-SAT
1 98674C 25009CG  25014.85335368 -.00028416  00000+0 -14374-2 0    09
2 98674  97.4449  97.5567 0004302 350.8244  85.4133 15.17118511    13
CONNECTA IOT-5
1 62703U 25009CY  26211.74521646  .00001001  00000-0  98532-4 0  9994
2 62703  97.7012 289.5091 0000839 282.6363  77.4763 14.94239566 83879
PAUSAT-1
1 62653U 25009AW  26212.17766076  .00003685  00000-0  15567-3 0  9990
2 62653  97.3942 291.2037 0002639 129.3989 230.7482 15.23872208 85482
FOSSASAT2E19 (TAT-E)
1 62676U 25009BV  26211.71942726  .00003059  00000-0  13957-3 0  9998
2 62676  97.3950 289.2221 0005449 167.6206 192.5164 15.21355190 85315
GESAT GEN 1
1 62612U 25009D   26211.73993461  .00008938  00000-0  31733-3 0  9995
2 62612  97.4012 293.5507 0002204 109.6656 250.4822 15.29270440 85576
FGN-100-D1
1 98687C 25009AY  25014.84044280 -.00019460  00000+0 -99700-3 0    08
2 98687  97.4431  97.5453 0005248   2.3104   3.4723 15.16661346    19
IRIDE-MS2-HEO-1
1 62697U 25009CS  26212.14920897  .00001747  00000-0  16691-3 0  9994
2 62697  97.7026 289.6384 0001949 179.8591 180.2630 14.94542131 83900
CENTAURI-7
1 62708U 25009DD  26211.81538112  .00003178  00000-0  27372-3 0  9993
2 62708  97.7071 291.5405 0001799  94.2431 265.8997 14.98050984 83994
CONNECTA IOT-8
1 62695U 25009CQ  26211.72839214  .00000726  00000-0  74712-4 0  9992
2 62695  97.7063 288.7116 0002299 182.2529 177.8681 14.93273243 83799
HCT-SAT1
1 98704C 25009F   25014.83534905  .00068746  00000+0  35684-2 0    04
2 98704  97.4375  97.5434 0007807 358.9793 339.0183 15.16156833    10
FOSSASAT2E18 (TAT-A)
1 62686U 25009CF  26212.00744476  .00002791  00000-0  12799-3 0  9999
2 62686  97.3959 289.5672 0006310 168.2717 191.8667 15.21252136 85350
ION SCV-014
1 62630U 25009X   26211.71834363  .00001308  00000-0  95440-4 0  9998
2 62630  97.4834 283.5729 0004830  13.8969 346.2389 15.05355909 84538
FLOCK 4G 24
1 62637U 25009AE  26211.75747280  .00010022  00000-0  34065-3 0  9998
2 62637  97.4017 293.8920 0004545 126.4545 233.7116 15.30651861 85598
SKYBEE-A01
1 62671U 25009BQ  26212.16025735  .00002490  00000-0  11468-3 0  9998
2 62671  97.3973 289.9674 0005674 162.5459 197.5973 15.21201290143025
TES-22
1 98666C 25009L   25014.83574604 -.00010467  00000+0 -52001-3 0    03
2 98666  97.4423  97.5417 0001532  57.4927 282.6581 15.17748918    18
FUSION-1
1 98681C 25009BJ  25014.84271711 -.00020443  00000+0 -10190-2 0    01
2 98681  97.4418  97.5469 0001296 323.0292  55.1664 15.17636624    15
INNOCUBE (TUBSAT-31)
1 62616U 25009H   26211.73599022  .00007506  00000-0  28522-3 0  9996
2 62616  97.3893 291.2837 0006298 163.8877 196.2563 15.27070250 85463
BRO-16
1 62654U 25009AX  26211.73953743  .00003770  00000-0  15750-3 0  9990
2 62654  97.4049 291.6919 0003189 123.3949 236.7594 15.24230530 85438
IMPULSE-2 MIRA
1 62673U 25009BS  26212.04375167  .00003302  00000-0  14848-3 0  9992
2 62673  97.4244 285.1284 0003351  34.1524 325.9927 15.21816329143279
FIREFLY-2
1 62704U 25009CZ  26212.17869329  .00001202  00000-0  12167-3 0  9998
2 62704  97.7009 289.1537 0005231 303.1177  56.9540 14.92770584 83884
CONNECTA IOT-7
1 62715U 25009DL  26211.76517352  .00001393  00000-0  13513-3 0  9997
2 62715  97.7068 289.7241 0002704  74.1294 286.0224 14.94256267 83857
ELEVATION-1
1 62677U 25009BW  26211.76523343  .00029716  00000-0  64697-3 0  9999
2 62677  97.3809 297.5624 0005030 149.9445 210.2092 15.44231631143548
IRIS-F3
1 62619U 25009L   26212.01709368  .00008564  00000-0  31949-3 0  9999
2 62619  97.4035 292.5288 0007128 156.3087 203.8482 15.27633036 85510
AE1D
1 98699C 25009BE  25014.84167544 -.00009434  00000+0 -48873-3 0    05
2 98699  97.4431  97.5464 0006959   6.4598   6.0504 15.16257108    19
RAY 1.0
1 62627U 25009U   26211.84017765  .00003415  00000-0  15703-3 0  9991
2 62627  97.3974 289.3804 0010225 118.9852 241.2409 15.20977149 85316
LIME
1 62648U 25009AR  26211.74477164  .00010681  00000-0  35108-3 0  9990
2 62648  97.3945 293.9064 0002423 147.4846 212.6545 15.31724249 85638
BALKAN-1
1 62611U 25009C   26212.03403088  .00007399  00000-0  29421-3 0  9990
2 62611  97.3907 290.7325 0007144 166.2073 193.9362 15.25558011 85449
WINNEBAGO-2
1 98664C 25009BW  25014.84558632 -.00017803  00000+0 -90784-3 0    06
2 98664  97.4430  97.5496 0004319   4.1608  29.6918 15.16831206    17
ICEYE-X33
1 60548U 24149CJ  26211.77023964  .00004679  00000-0  37206-3 0  9990
2 60548  97.7404 290.7037 0001790  64.1820 295.9589 15.00913056106747
SATGUS
1 62713U 25009DJ  26211.78208431  .00007899  00000-0  61130-3 0  9997
2 62713  97.6874 292.7280 0004211 342.5787  17.5292 15.01728491 84103
ORBASTRO-PC-1
1 58258U 23174C   26212.16764968  .00028315  00000-0  49145-3 0  9990
2 58258  97.3771 299.2195 0005307  18.5875 341.5570 15.50806813152280
LEMUR 2 ROCINANTE
1 59147U 24043BB  26024.87567953  .04062886  24694-5  25479-2 0  9996
2 59147  97.4905 173.6716 0011273 298.4507  61.5644 16.17664757106061
CENTISPACE-1 S12
1 62581U 25007G   26212.11922867 -.00000070  00000-0  67122-4 0  9995
2 62581  54.9762 137.7317 0013893 207.7169 152.3048 13.80615728 80802
CENTISPACE-1 S7
1 62576U 25007B   26212.11226892 -.00000054  00000-0  81908-4 0  9994
2 62576  54.9757 138.3676 0013191 143.9463 216.2385 13.80617361 80780
POQUITO
1 98706U 25009BY  25021.90669764  .00000000  00000-0 -14212-2 0    09
2 98706  97.4429 104.2661 0003354 352.9277  63.3351 15.17186318    09
PROMETHEUS-1
1 98705U 25009BY  25021.90669764  .00000000  00000-0 -14212-2 0    08
2 98705  97.4429 104.2661 0003354 352.9277  63.3351 15.17186318    08
Sedna-2
1 98661U 25009BY  25021.90669764  .00000000  00000-0 -14212-2 0    09
2 98661  97.4429 104.2661 0003354 352.9277  63.3351 15.17186318    09
SKYLINK-1
1 98657U 25009BY  25021.90669764  .00000000  00000-0 -14212-2 0    04
2 98657  97.4429 104.2661 0003354 352.9277  63.3351 15.17186318    04
SKYLINK-2
1 98656U 25000XX  25023.57810304  .00004178  00000-0 -29254-4 0  9998
2 98656  97.4594 106.1273 0002517 218.8660 320.9107 15.16419471 59106
CENTISPACE-1 S9
1 62578U 25007D   26212.12674972 -.00000062  00000-0  74251-4 0  9995
2 62578  54.9816 138.6420 0011760 152.4179 207.7404 13.80616391 80786
CENTISPACE-1 S10
1 62579U 25007E   26212.14826971 -.00000060  00000-0  76311-4 0  9993
2 62579  54.9882 137.7668 0010993 170.4603 189.6564 13.80617817 80805
CENTISPACE-1 S13
1 62582U 25007H   26212.17723213 -.00000056  00000-0  80118-4 0  9990
2 62582  54.9802 137.6542 0011129 161.3193 198.8173 13.80619576 80808
CENTISPACE-1 S16
1 62585U 25007L   26212.13359939 -.00000010  00000-0  12417-3 0  9995
2 62585  54.9874 137.6302 0012343 164.9409 195.1917 13.80526321 80780
Unknown 99695
1 99695U 22795A   24210.87969498 0.00002750  00000-0  31027-3 0    05
2 99695  98.3105  77.0130 0010041  92.1123 267.8876 14.86599274    07
CENTISPACE-1 S1
1 43636U 18075A   26212.17582242  .00000488  00000-0  11065-3 0  9993
2 43636  97.8722 233.7412 0008222 352.6982   7.4097 14.60035792416971
HAIYANG 4A
1 61936U 24208A   26212.20200793  .00000475  00000-0  81143-4 0  9994
2 61936  98.0045 219.3580 0002007  66.1165 294.0253 14.73296282 91925
SDX01
1 62459U 24253A   26212.20156174  .00120802  00000-0  70793-3 0  9993
2 62459  54.9921 139.0485 0004828  54.0352 306.1141 15.77505350 89460
OTTER
1 62623U 25009Q   26211.75606469  .00010204  00000-0  34684-3 0  9995
2 62623  97.4022 293.7666 0005762 142.6685 217.4957 15.30638335 85584
BLUEBON
1 62688U 25009CH  26212.03726691  .00007972  00000-0  26551-3 0  9990
2 62688  97.3979 295.0140 0002597 135.3758 224.7692 15.31386746 85685
FOSSASAT2E20 (TAT-O)
1 63003U 25009DN  26211.77257302  .00013875  00000-0  46863-3 0  9997
2 63003  97.3148 286.9979 0003912 151.5057 208.6399 15.30772798143177
TOMORROW-S3
1 62392U 24247R   26211.86769235  .00006036  00000-0  21650-3 0  9991
2 62392  45.0008  54.0090 0003307 230.1310 129.9283 15.29623652 89644
ICEYE-X47
1 62389U 24247N   26211.97300830  .00005058  00000-0  29115-3 0  9998
2 62389  44.9965 123.0825 0001038 173.2647 186.8244 15.13583348 88819
TOMORROW-S4
1 62386U 24247K   26210.98391160  .00006901  00000-0  24587-3 0  9997
2 62386  44.9814  58.7344 0004891 271.7991  88.2332 15.29638566 89505
ICEYE-X49
1 62384U 24247H   26211.20563413  .00003504  00000-0  20667-3 0  9994
2 62384  44.9974 127.5980 0001240 272.2083  87.8652 15.13475216 88697
HAWK-11A
1 62382U 24247F   26210.98381147  .00007044  00000-0  24172-3 0  9996
2 62382  44.9928  53.7085 0002572 122.9003 237.2129 15.30843281 89569
HAWK-11C
1 62381U 24247E   26210.98371139  .00007098  00000-0  24347-3 0  9998
2 62381  45.0038  54.3957 0003069 118.4268 241.6926 15.30844483 89561
HAWK-11B
1 62379U 24247C   26210.98415674  .00007234  00000-0  24794-3 0  9996
2 62379  45.0150  55.0786 0002549 142.2054 217.9010 15.30844863 89563
GLOBAL-31
1 63027U 25033B   26211.98291272  .00013398  00000-0  35463-3 0  9991
2 63027  58.9988 139.1871 0013194  65.5712 294.6739 15.38667760 81065
ICEYE-X43
1 60539U 24149BZ  26211.79675609  .00001739  00000-0  14526-3 0  9995
2 60539  97.6750 288.1715 0006557 276.5058  83.5419 14.99821996106653
ICEYE-X7
1 46496U 20068L   26212.16541999  .00011693  00000-0  37577-3 0  9994
2 46496  97.7523 180.7259 0008050 156.3592 203.8020 15.32413881321524
SJ-20
1 44910U 19097A   26211.82007117  .00000153  00000-0  00000+0 0  9990
2 44910   5.0235  74.5048 0002982  36.3270 173.2862  1.00067417 24130
KORSAT-2
1 62377U 24247A   26211.05467034  .00002259  00000-0  20327-3 0  9990
2 62377  45.4086 205.5903 0001197  75.7183 284.3828 14.98795175 87991
EZIE-A
1 63247U 25052AP  26212.14720977  .00003185  00000-0  27709-3 0  9991
2 63247  97.6837 103.6058 0004393  59.9357 300.2300 14.97656312 75244
EZIE-B
1 63250U 25052AS  26211.20416104  .00003162  00000-0  27597-3 0  9995
2 63250  97.6859 102.7366 0005358  56.8226 303.3510 14.97524963 75105
EZIE-C
1 63249U 25052AR  26211.14104613  .00002991  00000-0  26094-3 0  9995
2 63249  97.6826 102.4941 0004795  72.0762 288.0982 14.97583338 75093
SOAP
1 63263U 25052BF  26212.14403253  .00001888  00000-0  16910-3 0  9994
2 63263  97.6802 103.6949 0002078 147.4851 212.6499 14.96998742 75265
DROID.002
1 63223U 25052P   26211.69632116  .00005944  00000-0  25448-3 0  9994
2 63223  97.3875 103.8673 0003937  13.3410 346.7930 15.23161958 76498
FIRESAT0
1 98629C 25052AV  25074.37845660 -.00064114  00000+0 -63976-2 0    08
2 98629  97.7513 329.5442 0001490 243.0693  67.3673 14.91664457    18
ARVAKER-1
1 63252U 25052AU  26211.26322435  .00001777  00000-0  16887-3 0  9996
2 63252  97.6821 101.5702 0004275  79.1478 281.0224 14.94716204 75046
IOD1_STARTICAL
1 63212U 25052C   26211.69615275  .00104098  00000-0  12972-2 0  9996
2 63212  97.3754 114.8458 0002992 136.6964 223.4528 15.59557892 77252
AEROCUBE 18B
1 63222U 25052N   26211.77102163  .00006704  00000-0  27283-3 0  9990
2 63222  97.3917 104.6665 0004153   2.4193 357.7064 15.24828387 76534
AEROCUBE 18A
1 63220U 25052L   26211.14694937  .00005667  00000-0  23056-3 0  9995
2 63220  97.3910 104.0723 0003575   2.7372 357.3885 15.24912254 76447
CLARITY-1
1 63227U 25052T   26161.15767168  .09211707  26169-5  12257-3 0  9997
2 63227  97.3825  82.7091 0009598 247.2263 112.8028 16.48960409 70590
BUCCANEER MM
1 63245U 25052AM  26212.14692200  .00002645  00000-0  24775-3 0  9996
2 63245  97.6803 102.2511 0005509  72.4011 287.7811 14.94889011 75169
OTP-2
1 63235U 25052AB  26211.94838479  .00007071  00000-0  28983-3 0  9995
2 63235  97.3809 103.7291 0006885  26.2156 333.9429 15.24555318 76532
M-SEL
1 63231U 25052X   26211.20411010  .00008092  00000-0  31005-3 0  9991
2 63231  97.3862 104.2740 0005166  22.1853 337.9609 15.26777963 76484
OBJECT Y
1 63232U 25052Y   26211.26695256  .00006297  00000-0  25946-3 0  9996
2 63232  97.3895 103.6772 0006034  17.5348 342.6097 15.24430591 76431
ION SCV-017
1 63230U 25052W   26211.71708808  .00004487  00000-0  16549-3 0  9990
2 63230  97.3850 106.5190 0019931 254.5955 105.3083 15.28128807 76687
ALMUNTHER
1 63240U 25052AG  26211.26916271  .00018408  00000-0  57509-3 0  9995
2 63240  97.3826 105.9853 0006183  18.0985 342.0477 15.33210371 76615
OBJECT BC
1 63260U 25052BC  26210.92856938  .00001485  00000-0  14169-3 0  9994
2 63260  97.6787 101.4230 0002005 135.2694 224.8688 14.94792559 75017
OBJECT AD
1 63237U 25052AD  26212.16391444  .00015327  00000-0  47943-3 0  9998
2 63237  97.3880 107.4300 0005686   9.7154 350.4197 15.33213644 76761
OBJECT AE
1 63238U 25052AE  26211.23454852  .00016186  00000-0  51181-3 0  9992
2 63238  97.3883 106.3987 0005940  12.3539 347.7848 15.32853853 76611
OBJECT AF
1 63239U 25052AF  26211.70016731  .00016885  00000-0  53368-3 0  9990
2 63239  97.3884 106.8395 0005873  11.4184 348.7190 15.32857459 76686
OBJECT F
1 63215U 25052F   26212.01794940  .00019055  00000-0  54733-3 0  9993
2 63215  97.3844 108.4341 0001717  26.3556 333.7775 15.35878078 76839
OBJECT E
1 63214U 25052E   26211.22280223  .00018813  00000-0  54032-3 0  9991
2 63214  97.3841 107.6524 0001800  26.1833 333.9501 15.35883001 76716
OBJECT D
1 63213U 25052D   26211.26230982  .00018998  00000-0  54215-3 0  9998
2 63213  97.3846 107.7566 0001691  24.5222 335.6102 15.36083236 76729
OBJECT J
1 63218U 25052J   26211.20860479  .00018226  00000-0  53292-3 0  9995
2 63218  97.3825 107.2215 0002492  34.3503 325.7902 15.35326097 76696
OBJECT K
1 63219U 25052K   26211.15050971  .00018200  00000-0  53311-3 0  9992
2 63219  97.3820 107.1390 0002567  28.1899 331.9483 15.35269643 76682
OBJECT H
1 63217U 25052H   26211.67191205  .00019085  00000-0  55871-3 0  9998
2 63217  97.3819 107.6580 0002474  27.2503 332.8870 15.35279020 76762
OBJECT B
1 63211U 25052B   26211.16419021  .00020145  00000-0  54711-3 0  9996
2 63211  97.3923 108.7279 0000963   3.2463 356.8787 15.37614890 76740
ORBASTRO-TR5
1 63236U 25052AC  26211.15672876  .00004559  00000-0  20029-3 0  9997
2 63236  97.3781 102.0411 0004475  30.6199 329.5298 15.22405172 76352
JINJUSAT-1B
1 63210U 25052A   26209.95549097  .00018114  00000-0  53937-3 0  9998
2 63210  97.3954 106.7925 0001324 335.3130  24.8050 15.34756067 76500
UVSQ-SAT NG
1 63251U 25052AT  26211.21642118  .00002055  00000-0  19036-3 0  9992
2 63251  97.6795 101.8277 0004412  83.1179 277.0544 14.95565589 75062
BOTSAT-1
1 63216U 25052G   26211.26434825  .00008717  00000-0  32345-3 0  9991
2 63216  97.3832 104.6949 0002394  28.8947 331.2425 15.27826595 76532
OBJECT B
1 62726U 25012B   26212.06924536  .00005109  00000-0  22924-3 0  9998
2 62726  97.4211 284.5231 0010471 119.0982 241.1304 15.21586643 84926
HERMES-1
1 63242U 25052AJ  26211.68742248  .00004951  00000-0  21998-3 0  9995
2 63242  97.3842 102.5212 0008397  43.4743 316.7154 15.21953839 76418
HERMES-2
1 63243U 25052AK  26211.95280916  .00016809  00000-0  56392-3 0  9996
2 63243  97.3838 106.6520 0003461 348.9079  11.2085 15.30950954 76711
GARAI-A
1 62635U 25009AC  26211.97798683  .00006382  00000-0  31212-3 0  9998
2 62635  97.3940 290.8131 0003460 144.5477 215.5988 15.18547751 85426
ICEYE-X45
1 62705U 25009DA  26211.79885948  .00003573  00000-0  28587-3 0  9997
2 62705  97.8456 298.8573 0000960  77.4350 282.6980 15.00850529 84220
KINEIS-4E
1 63300U 25056A   26212.15243653  .00001548  00000-0  25238-3 0  9993
2 63300  97.9084 334.8393 0002393  58.2013 301.9427 14.72346611 73595
KINEIS-4C
1 63301U 25056B   26212.16487456  .00001724  00000-0  28032-3 0  9997
2 63301  97.9139 335.1107 0004017 161.6514 198.4840 14.72319293 73600
KINEIS-4D
1 63302U 25056C   26212.16878925  .00001586  00000-0  25887-3 0  9994
2 63302  97.9060 335.0705 0002720 164.5418 195.5873 14.72248037 73602
KINEIS-4A
1 63303U 25056D   26212.20349146  .00001560  00000-0  25426-3 0  9999
2 63303  97.9153 335.0756 0002867 124.0239 236.1241 14.72328117 73605
KINEIS-4B
1 63304U 25056E   26212.18621265  .00001584  00000-0  25811-3 0  9996
2 63304  97.9164 335.1184 0006436 145.8165 214.3458 14.72316450 73592
HERMES-6
1 63489U 25052BK  26211.69201911  .00005281  00000-0  22361-3 0  9998
2 63489  97.3949 103.5563 0007071  32.8543 327.3132 15.23578032 76455
HERMES-5
1 63834U 25052BQ  26212.09949463  .00012542  00000-0  44054-3 0  9999
2 63834  97.3914 106.2607 0004359  21.4182 338.7240 15.29520569 76666
HERMES 4
1 63833U 25052BP  26211.69715299  .00011313  00000-0  37618-3 0  9994
2 63833  97.3818 105.3101 0004751  68.7430 291.4318 15.31328095 76601
HERMES-3
1 63835U 25052BR  26211.70179503  .00017154  00000-0  49927-3 0  9995
2 63835  97.3810 107.2281 0005139 357.9466   2.1756 15.35474556 76733
OBJECT H
1 63298U 25055H   26212.13582647  .00052014  00000-0  11992-2 0  9990
2 63298  97.6571   0.7112 0004381 342.4639  17.6456 15.42403549 76215
YUNHAI 1-02
1 44547U 19063A   26212.19941112  .00000259  00000-0  11089-3 0  9992
2 44547  98.4130 221.3727 0006450  35.6317 324.5297 14.32730416358172
LIZZIESAT-3 (LS-3)
1 63233U 25052Z   26212.14509117  .00004768  00000-0  21095-3 0  9997
2 63233  97.3855 103.2074 0006463  24.7098 335.4447 15.22133360 76494
CSO 2
1 47305U 20104A   26210.05612797 0.00000200  00000-0  75802-5 0    06
2 47305  97.3562 150.1117 0002125 133.8114 226.1884 15.26926332    00
LYRA-1
1 62664U 25009BH  26211.93554071  .00009461  00000-0  44695-3 0  9997
2 62664  97.3961 285.6180 0009657  50.2318 309.9766 15.19588878 85066
LEMUR 2 STAR-FOX
1 62696U 25009CR  26211.77278859  .00008454  00000-0  63172-3 0  9993
2 62696  97.6929 293.0693 0000986 344.4015  15.7180 15.03045898 84107
KINEIS-2E
1 62931U 25028D   26211.71582420  .00001514  00000-0  22128-3 0  9998
2 62931  97.8930 262.4192 0001883  82.1091 278.0333 14.77126082 79208
TIGER-7
1 59141U 24043AV  26212.18454582  .00010598  00000-0  19289-3 0  9998
2 59141  97.5525   5.1813 0005915  27.4595 332.6967 15.49681139134781
BIOMASS
1 63772U 25090A   26211.46832609  .00000541  00000-0  10381-3 0  9997
2 63772  98.0738  38.1546 0001760  96.9951 263.1454 14.67540331 67037
ASTEX 1
1  5560U 71089A   26212.21236385  .00000367  00000-0  93204-4 0  9992
2  5560  92.7020 198.0372 0014129 327.6000  32.4337 14.50883268883111
IGS Radar 7
1 55329U 23012A   26205.89881134 0.00000000  00000-0  00000-0 0    02
2 55329  97.3695 283.7845 0001096  93.3012 266.6831 15.25980795    09
KINEIS-2C
1 62929U 25028B   26211.71556182  .00001641  00000-0  26058-3 0  9998
2 62929  98.1219 266.1537 0005068 121.2360 238.9345 14.73470465 79027
ICEYE-X41
1 62700U 25009CV  26211.78823590  .00003071  00000-0  27185-3 0  9992
2 62700  97.7068 290.6834 0001155 156.7923 203.3351 14.97009557 83938
ICEYE-X2
1 43800U 18099AU  26212.17581959  .00004065  00000-0  20172-3 0  9990
2 43800  97.4326 265.2482 0011333 142.5814 217.6211 15.18212489419491
OBJECT B
1 64049U 25103B   26212.21259703  .00000496  00000-0  26103-4 0  9991
2 64049  97.3775 283.1281 0003183  56.9695 303.1846 15.20072267 66754
OBJECT C
1 64050U 25103C   26212.21181197  .00003622  00000-0  17093-3 0  9995
2 64050  97.3727 282.8684 0003018  47.2429 312.9060 15.20070437 66754
HONGYAN 1
1 43914U 18112F   26211.81809656 -.00000141  00000-0 -19777-4 0  9992
2 43914  50.0077  76.5321 0006675  30.5142 329.6124 13.43822161372409
KINEIS-5B
1 62085U 24219E   26212.17688042  .00001052  00000-0  15147-3 0  9997
2 62085  98.0108  15.7678 0003191 114.8016 245.3527 14.78416260 90509
KINEIS-2A
1 62932U 25028E   26211.96449120  .00001246  00000-0  19971-3 0  9999
2 62932  98.1277 267.4207 0005248  43.7027 316.4596 14.73486537 79051
KINEIS-2B
1 62934U 25028G   26211.73818535  .00001413  00000-0  22514-3 0  9999
2 62934  97.9644 263.8063 0003952  35.9771 324.1703 14.73486731 79071
ICEYE-X42
1 62698U 25009CT  26211.80406462  .00002103  00000-0  21362-3 0  9992
2 62698  97.7387 289.3313 0001301 103.6854 256.4510 14.91876715 83794
YAM-8
1 63254U 25052AW  26211.79361767  .00004833  00000-0  29440-3 0  9992
2 63254  97.7034 113.5597 0001934 103.3208 256.8237 15.10868341 75852
LYNK TOWER 6
1 59123U 24043AB  26211.85771117  .00005543  00000-0  18409-3 0  9994
2 59123  97.5656 349.7135 0011745  91.0376 269.2211 15.31580716133711
MBZ-SAT
1 62626U 25009T   26211.80950609  .00000924  00000-0  48884-4 0  9998
2 62626  97.3967 289.0985 0006330 174.1029 186.0281 15.17869049 85304
GCOM W1
1 38337U 12025A   26211.84389419  .00000428  00000-0  10502-3 0  9997
2 38337  98.2026 151.7393 0001212  82.5023 338.5649 14.57102891755393
GOSAT (IBUKI)
1 33492U 09002A   26211.91131817  .00000596  00000-0  11354-3 0  9992
2 33492  98.0922 322.4517 0001096  98.9883 261.1446 14.67538443937871
DUBAISAT 1
1 35682U 09041B   26211.90746574  .00000832  00000-0  13072-3 0  9991
2 35682  98.0105 344.7004 0009062 293.3501  66.6754 14.75190413911540
ZHANGHENG 1-02
1 64393U 25128A   26211.67456902 -.00000719  00000-0 -29501-4 0  9994
2 64393  97.3646 337.4606 0011289 326.7861  33.2665 15.20787808 62532
IRIDE-MS2-HEO-9
1 64585U 25135BK  26212.15719692  .00001611  00000-0  16452-3 0  9997
2 64585  97.7795 326.1114 0001732 150.2389 209.8928 14.91982883 60459
TIME FLIES
1 98572C 25135AS  25174.98816526 -.00072855  00000+0 -73653-2 0    08
2 98572  97.7468 289.3924 0002863  69.1167 224.8320 14.91142843    19
SATORO-T3
1 64589U 25135BP  26212.15360706  .00001512  00000-0  14542-3 0  9997
2 64589  97.7750 326.2436 0005071 169.1855 190.9475 14.94487173 60473
SKYBEE-A02
1 64544U 25135S   26212.17071811  .00002501  00000-0  11827-3 0  9998
2 64544  97.4772 326.6082 0002280  42.6798 317.4614 15.20308216 61513
BRO-18
1 64550U 25135Y   26212.16528909  .00004119  00000-0  18194-3 0  9990
2 64550  97.4669 326.8683 0002682  92.8675 267.2868 15.22289896 61563
PADRE
1 64559U 25135AH  26211.85570418  .00001847  00000-0  18489-3 0  9998
2 64559  97.7756 324.9694 0003273 108.9399 251.2175 14.92617766 60360
IRIDE-MS2-HEO-8
1 64587U 25135BM  26212.20253836  .00001936  00000-0  19657-3 0  9998
2 64587  97.7771 326.1032 0001742 152.0874 208.0438 14.91988077 60463
IRIDE-MS2-HEO-6
1 64576U 25135BA  26212.16781391  .00001548  00000-0  15839-3 0  9990
2 64576  97.7761 325.7745 0001903 145.8995 214.2346 14.91966468 60444
IRIDE-MS2-HEO-5
1 64571U 25135AV  26212.19100573  .00002015  00000-0  20449-3 0  9998
2 64571  97.7763 325.7716 0001867 144.3382 215.7962 14.91964749 60442
IRIDE-MS2-HEO-4
1 64582U 25135BG  26212.17962566  .00001663  00000-0  16975-3 0  9993
2 64582  97.7764 325.9297 0001981 145.0952 215.0397 14.91955337 60458
IRIDE-MS2-HEO-3
1 64568U 25135AS  26212.14662765  .00001942  00000-0  19724-3 0  9997
2 64568  97.7767 325.7000 0002022 123.7024 236.4388 14.91983459 60436
IRIDE-MS2-HEO-2
1 64569U 25135AT  26212.20606433  .00002408  00000-0  23241-3 0  9992
2 64569  97.7795 326.0350 0001864 152.5175 207.6143 14.93805435 60450
YAM-10
1 64580U 25135BE  26211.87548880  .00001878  00000-0  19107-3 0  9994
2 64580  97.7765 325.1317 0002909 179.8617 180.2603 14.91950096 60377
OBJECT BQ
1 64590U 25135BQ  26211.85588936  .00001911  00000-0  18372-3 0  9990
2 64590  97.7754 325.8558 0005524 171.9050 188.2261 14.94195627 60428
LEMUR 2 HUBBLE-5
1 64840U 25135BT  26211.88693016  .00001431  00000-0  13865-3 0  9996
2 64840  97.7751 325.9793 0005529 177.6359 182.4888 14.94258243 60431
LEMUR 2 HUBBLE-4
1 64565U 25135AP  26211.88363545  .00001453  00000-0  14258-3 0  9992
2 64565  97.7730 325.2901 0003636 125.7752 234.3806 14.93728120 60391
USPWSA-DRAGOON
1 64542U 25135Q   26211.91063406  .00009256  00000-0  35560-3 0  9992
2 64542  97.4742 328.0749 0003534  50.6617 309.4935 15.26656480 61596
FORGESTAR-1
1 64546U 25135U   26211.88621233  .00009724  00000-0  39371-3 0  9994
2 64546  97.4731 327.5360 0001710  74.2297 285.9129 15.24887880 61569
ION SCV-018
1 64575U 25135AZ  26211.86954465  .00001353  00000-0  12972-3 0  9998
2 64575  97.7816 326.5699 0013579 142.0773 218.1406 14.94722701 60450
ION SCV-020
1 64545U 25135T   26211.89682872  .00002897  00000-0  13972-3 0  9993
2 64545  97.4649 326.3127 0007783  12.1032 348.0388 15.19475317 61489
ARCSTONE
1 64540U 25135N   26211.90123705  .00019478  00000-0  58999-3 0  9996
2 64540  97.4663 329.8290 0002935  59.9052 300.2481 15.34198175 61737
FOSSASAT2E21
1 64536U 25135J   26212.11946087  .00002931  00000-0  13854-3 0  9998
2 64536  97.4684 325.9901 0005179  49.6767 310.4919 15.20183296 61498
OTTER PUP 2
1 64537U 25135K   26209.29868427  .00005635  00000-0  24100-3 0  9995
2 64537  97.4730 324.6309 0004872  54.2326 305.9363 15.23228221 61135
SATMAR
1 64551U 25135Z   26211.87636737  .00007819  00000-0  31094-3 0  9991
2 64551  97.4659 327.5049 0002687 102.1991 257.9548 15.25558491 61584
TPA-1
1 64533U 25135F   26211.86915059  .00008020  00000-0  35515-3 0  9994
2 64533  97.4727 326.4852 0006000  50.0953 310.0809 15.21894708 61493
HYPERFIELD-1B
1 64552U 25135AA  26212.16319609  .00004021  00000-0  17577-3 0  9993
2 64552  97.4716 327.2110 0002338 113.5284 246.6198 15.22664711 61574
UND ROADS 2
1 64549U 25135X   26211.84458075  .00006116  00000-0  25280-3 0  9991
2 64549  97.4830 327.9336 0000883  40.1244 320.0059 15.24352922 61560
UND ROADS 1
1 64535U 25135H   26211.90328920  .00005670  00000-0  24448-3 0  9997
2 64535  97.4715 326.6862 0005145  43.9168 316.2477 15.22941920 61515
OBJECT AC
1 64554U 25135AC  26211.81496000  .00021013  00000-0  67407-3 0  9994
2 64554  97.4684 329.2580 0002562 138.7063 221.4372 15.32351543 61680
DUTHSAT-2
1 64530U 25135C   26212.08858314  .00013601  00000-0  50149-3 0  9997
2 64530  97.4661 328.0184 0005284  51.3685 308.8026 15.27907362 61631
HUBBLE 6
1 64562U 25135AL  26211.86655162  .00001917  00000-0  18658-3 0  9999
2 64562  97.7783 325.5750 0001362  90.8312 269.3064 14.93701249 60396
HUBBLE 7
1 64592U 25135BS  26211.90025169  .00001372  00000-0  13506-3 0  9997
2 64592  97.7788 326.1298 0002895 172.4789 187.6475 14.93692787 60434
CONNECTA IOT-9
1 64534U 25135G   26211.83002920  .00002992  00000-0  14109-3 0  9994
2 64534  97.4798 326.3248 0005874  34.3892 325.7722 15.20245731 61453
CONNECTA IOT-10
1 64555U 25135AD  26212.11963462  .00003233  00000-0  15047-3 0  9997
2 64555  97.4724 326.7463 0002108 119.1596 240.9850 15.20648399 61534
CONNECTA IOT-11
1 64557U 25135AF  26212.13098814  .00003673  00000-0  17018-3 0  9999
2 64557  97.4756 327.0576 0001858 142.8041 217.3323 15.20716408 61540
CONNECTA IOT-12
1 64553U 25135AB  26211.83804376  .00003094  00000-0  14398-3 0  9994
2 64553  97.4783 326.9832 0000873 132.5000 227.6309 15.20686571 61507
OBJECT D
1 64531U 25135D   26212.17623407  .00009588  00000-0  36352-3 0  9990
2 64531  97.4758 328.3953 0004464  32.1002 328.0508 15.27080754 61631
OBJECT AJ
1 64560U 25135AJ  26211.88950205  .00004025  00000-0  36427-3 0  9992
2 64560  97.7779 326.2435 0002097 104.3720 255.7734 14.95970602 60449
MSAT M1
1 23846U 96022A   26210.94279422 -.00000102  00000-0  00000-0 0  9996
2 23846  12.5050  28.0468 0020305 196.0422 353.0698  0.98645483110508
SYRACUSE 3B
1 29273U 06033B   26211.71626581  .00000038  00000-0  00000+0 0  9993
2 29273   3.0159  79.6630 0001609 351.3998  10.9640  0.98625934 73093
WILDFIRE 9
1 57765U 23133J   26211.82597308  .00000085  00000-0  65062-4 0  9992
2 57765  81.0076 326.0849 0004857 247.0903 112.9741 13.85381916147063
WILDFIRE 10
1 57766U 23133K   26211.80508352  .00000096  00000-0  74681-4 0  9991
2 57766  81.0055 325.6057 0005746 239.6178 120.4411 13.85612078147082
WILDFIRE 1
1 57764U 23133H   26211.78877770  .00000101  00000-0  79033-4 0  9992
2 57764  81.0026 325.0943 0005687 236.7724 123.2888 13.85737962147095
EUCROPIS
1 43807U 18099BB  26211.68772645  .00008161  00000-0  36889-3 0  9999
2 43807  97.4194 266.8088 0006898 134.9309 225.2488 15.21179444419076
COSMOS 2588
1 64095U 25109A   26211.64206075  .00009790  00000-0  34240-3 0  9994
2 64095  72.9719 110.3148 0009878 354.1651   5.9428 15.29617268 66250
GOES 19
1 60133U 24119A   26211.79725396 -.00000244  00000-0  00000+0 0  9990
2 60133   0.0188  93.9947 0000467 104.8682 321.3875  1.00271052  7407
TIANQI 26
1 59910U 24102B   26212.13467860  .00000070  00000-0  13605-3 0  9996
2 59910  44.9737  65.9633 0010136  90.2801 269.9193 13.99165312111061
TIANQI 25
1 59909U 24102A   26212.08234176  .00000062  00000-0  13069-3 0  9995
2 59909  44.9774  66.6204 0011218  85.5382 274.6732 13.99181944111055
LANDSAT 8
1 39084U 13008A   26212.17952878  .00000271  00000-0  70341-4 0  9995
2 39084  98.2278 281.7865 0001288  92.1746 267.9600 14.57103612704301
LANDSAT 9
1 49260U 21088A   26211.80196235  .00000353  00000-0  88475-4 0  9993
2 49260  98.2258 281.4459 0001081 101.2615 258.8705 14.57105330257352
BIFROST-DNK
1 64588U 25135BN  26212.18860183  .00002540  00000-0  23859-3 0  9996
2 64588  97.7781 326.4774 0004242 181.7494 178.3712 14.94831311 60483
GLOBAL-32
1 64231U 25118B   26211.26681985  .00011851  00000-0  31665-3 0  9990
2 64231  58.9947 318.2292 0012958  67.2616 292.9828 15.38489554 64877
OBJECT E
1 64052U 25103E   26212.19548735  .00011715  00000-0  47644-3 0  9996
2 64052  97.3723 283.9410 0003269  49.4205 310.7317 15.24682049 66815
SLS DEB
1 55904U 22156D   26180.84497091  .00092110  00000-0  91699-2 0  9997
2 55904  30.3753 235.8230 1595670 192.7171 162.8033 12.05852125141033
AAC-AIS-SAT-1
1 55107U 23001DC  26212.15829237  .00005450  00000-0  53623-3 0  9990
2 55107  97.9181 289.1638 0010762 130.2427 229.9735 14.92471580184840
REAL
1 64875U 25154G   26212.00377000  .00024775  00000-0  74061-3 0  9993
2 64875  97.4004 280.4179 0001763 122.2247 237.9167 15.34567141 56760
UNIFORM 1
1 39767U 14029B   26212.09182519  .00003025  00000-0  27459-3 0  9996
2 39767  97.8072 309.3317 0005969 147.5778 212.5810 14.96031195660786
OBJECT C
1 64878U 25155C   26212.14191733  .00006127  00000-0  24144-3 0  9997
2 64878  97.4600 179.1517 0011508  40.2409 319.9679 15.25903912 87372
OBJECT U
1 64894U 25155U   26212.08402672  .00044686  00000-0  88129-3 0  9990
2 64894  97.4509 184.7392 0006324  57.3573 302.8286 15.47042304 87741
OBJECT D
1 64879U 25155D   26212.18109470  .00009805  00000-0  32997-3 0  9990
2 64879  97.4589 180.9363 0008649  36.5225 323.6604 15.30957459 87498
OBJECT R
1 64891U 25155R   26212.11361918  .00014893  00000-0  44875-3 0  9995
2 64891  97.4575 181.9284 0007325  44.2997 315.8831 15.34400044 87551
OBJECT S
1 64892U 25155S   26212.09309657  .00015518  00000-0  46485-3 0  9999
2 64892  97.4581 181.9699 0007194  44.7528 315.4295 15.34577637 87551
OBJECT T
1 64893U 25155T   26212.09830944  .00019141  00000-0  53254-3 0  9996
2 64893  97.4567 182.5402 0007200  46.4561 313.7280 15.36852010 87591
OBJECT Q
1 64890U 25155Q   26212.08617291  .00011467  00000-0  37463-3 0  9997
2 64890  97.4584 181.1988 0007426  26.9504 333.2121 15.31880755 87505
OBJECT E
1 64880U 25155E   26212.16529370  .00010198  00000-0  33608-3 0  9992
2 64880  97.4585 181.1091 0008556  36.8330 323.3498 15.31625042 87505
OBJECT F
1 64881U 25155F   26212.19865567  .00014123  00000-0  42965-3 0  9995
2 64881  97.4583 181.8606 0008185  37.4494 322.7318 15.34103248 87550
IONOSFERA-M 03
1 64876U 25155A   26212.16828818  .00000048  00000-0  41689-4 0  9998
2 64876  98.6063 172.9730 0002529  88.2896 271.8571 14.21493257 52650
IONOSFERA-M 04
1 64877U 25155B   26212.13266506  .00000050  00000-0  42443-4 0  9998
2 64877  98.6055 172.8552 0001914  82.8534 277.2861 14.21495711 52647
ICEYE-X57
1 64578U 25135BC  26212.20209346  .00004025  00000-0  32117-3 0  9993
2 64578  97.8069 328.8214 0002126  53.5487 306.5932 15.00869071 60621
ICEYE-X53
1 64584U 25135BJ  26212.15871961  .00002683  00000-0  21566-3 0  9996
2 64584  97.7351 328.7415 0002222 153.4506 206.6832 15.00862632 60672
YUBELEINY 2
1 38735U 12041C   26212.15436950  .00000033  00000-0  16925-3 0  9992
2 38735  82.4737  47.2640 0017119 334.9299  25.0947 12.42650912635306
COSMOS 2491
1 39497U 13076E   26212.18847291  .00000032  00000-0  15959-3 0  9999
2 39497  82.4881 140.7897 0013420   0.0199   0.0879 12.43497821570726
COSMOS 2581
1 62902U 25026A   26211.65862777  .00001577  00000-0  14172-3 0  9992
2 62902  81.9943  30.1311 0008682 272.9806  87.0420 14.95089035 80713
NISAR
1 65053U 25163A   26212.14187675  .00000150  00000-0  58274-4 0  9994
2 65053  98.4056  39.1660 0001205  90.6630 269.4698 14.42504887 52723
ICEYE-X50
1 63255U 25052AX  26212.18838373  .00001870  00000-0  17435-3 0  9998
2 63255  97.6833 103.2283 0003541  74.0754 286.0857 14.95410134 75222
KAZSTSAT
1 43783U 18099AB  26211.05972436  .00000321  00000-0  30316-4 0  9993
2 43783  97.4279 241.0575 0007642 277.1740  82.8615 14.99967788417736
OBJECT H
1 64883U 25155H   26212.18069859  .00008479  00000-0  29233-3 0  9996
2 64883  97.4605 180.8497 0007983  33.2308 326.9432 15.30223345 87489
OBJECT V
1 64895U 25155V   26212.18043949  .00008787  00000-0  30272-3 0  9998
2 64895  97.4610 180.8590 0008089  37.4046 322.7756 15.30234848 87477
NOSS 3-6 (P)
1 38773U 12048P   26201.87048512 0.00000000  00000-0  00000-0 0    02
2 38773  63.4244 122.7472 0311724 358.6294   1.3706 13.41005328    07
QUICK3
1 64558U 25135AG  26211.86402332  .00012579  00000-0  45891-3 0  9998
2 64558  97.4788 328.4795 0004907  26.3243 333.8245 15.28277900 61524
GAOFEN 8
1 40701U 15030A   26212.20950010  .00014768  00000-0  28881-3 0  9997
2 40701  97.6879  48.2706 0009141  44.3072 315.8907 15.47501993618251
COSMOS 2572
1 58435U 23182A   26211.86018587  .00076221  39271-5  25567-3 0  9999
2 58435  96.6812 315.2297 0008564 156.2679 203.8992 15.90142433155395
COSMOS 2583
1 62904U 25026C   26211.65864625  .00002010  00000-0  18146-3 0  9996
2 62904  81.9941  30.1310 0008730 271.4880  88.5340 14.95045396 80698
ICEYE-X46
1 63258U 25052BA  26211.24829282  .00002273  00000-0  21085-3 0  9990
2 63258  97.6835 102.3064 0001670  86.8269 273.3143 14.95412459 75080
STRIX 2
1 62406U 24248A   26212.16605108  .00006076  00000-0  38372-3 0  9993
2 62406  97.6310 167.5691 0015201 177.8727 182.2569 15.09344307 88228
ALSAT 2B
1 41786U 16059D   26212.15603050  .00000814  00000-0  14079-3 0  9997
2 41786  97.9875 273.5771 0002196  84.4808 275.6649 14.70924910527230
ICEYE-X51
1 63257U 25052AZ  26212.12606935  .00003954  00000-0  31565-3 0  9996
2 63257  97.7635 107.1521 0001980  65.0202 295.1227 15.00860209 75395
ICEYE-X56
1 64574U 25135AY  26212.18460226  .00003204  00000-0  29192-3 0  9999
2 64574  97.7778 326.8115 0002571 155.2242 204.9103 14.95847038 60504
GRUS-3ALPHA
1 64579U 25135BD  26212.18464135  .00001410  00000-0  14031-3 0  9990
2 64579  97.7801 325.9590 0002704 178.3331 181.7898 14.93226514 60440
ICEYE-X44
1 62707U 25009DC  26211.75838362  .00003402  00000-0  30655-3 0  9993
2 62707  97.7039 290.1972 0001426  56.4914 303.6444 14.96241220106452
ICEYE-X55
1 64581U 25135BF  26212.19635865  .00003805  00000-0  34918-3 0  9990
2 64581  97.7780 326.6386 0003288 173.0470 187.0797 14.95449361 60495
COSMOS 2576
1 59773U 24092A   26211.69215775  .00006791  00000-0  31382-3 0  9995
2 59773  97.4425 327.0710 0011687 213.4017 146.6482 15.20446503122999
OBJECT D
1 65262U 25180D   26212.16912639  .00004943  00000-0  26216-3 0  9997
2 65262  97.5317 338.9749 0014582 162.1960 197.9786 15.15737359 52328
PACE
1 58928U 24025A   26211.82290047  .00000399  00000-0  82272-4 0  9995
2 58928  98.0944 142.4942 0003225 104.7904 255.3657 14.65577656132327
HXMT
1 42758U 17034A   26211.74107111  .00005059  00000-0  24716-3 0  9997
2 42758  43.0153 300.4629 0030161  60.0798 300.3041 15.18829099504281
PUNCH-NFI00
1 63178U 25047A   26211.22790590  .00000469  00000-0  77540-4 0  9995
2 63178  97.9574  35.9491 0011645  27.0536 333.1278 14.74810732 74420
OBJECT A
1 65815U 25219A   26211.80047380  .00000053  00000-0  45252-4 0  9996
2 65815  98.6773 151.7234 0000810  67.7092 292.4171 14.19927068 43572
OBJECT A
1 58849U 24018A   26212.13692177  .00002099  00000-0  24212-3 0  9992
2 58849  58.6865  75.7799 0432834 156.8693 205.2484 14.39649571131504
PRSC-S1
1 65055U 25164A   26212.21457392  .00004944  00000-0  33785-3 0  9995
2 65055  41.1310  39.7909 0007889 290.4272  69.5695 15.06770453 55073
OBJECT B
1 66054U 25234B   26211.74190844  .00005566  00000-0  25061-3 0  9995
2 66054  97.4739 280.6656 0009352 305.5550  54.4813 15.21448456 43267
FIA Radar 3
1 39462U 13072A   26174.04481285 0.00000000  00000-0  00000-0 0    02
2 39462 123.0231  43.2129 0002212 111.1136 248.7619 13.41432111    08
TOMORROW-S8
1 66308U 25248R   26211.13251524  .00004229  00000-0  20070-3 0  9998
2 66308  45.3973 250.8689 0005743 272.4517  87.5712 15.20843302 41059
HAVEN-DEMO
1 98525C 25248G   25306.26405727 -.00000933  00000+0 -45446-4 0    05
2 98525  45.4034 255.8524 0000871 205.5699 170.5155 15.17646895    11
TAURUS 1
1 98524C 25248B   25306.26320194  .00027860  00000+0  12985-2 0    04
2 98524  45.4089 255.8588 0007455 201.5294 169.8646 15.19131730    17
TAURUS 2
1 98523C 25248B   25306.26320194  .00027860  00000+0  12985-2 0    03
2 98523  45.4089 255.8588 0007455 201.5294 169.8646 15.19131730    16
TAURUS 3
1 98522C 25248B   25306.26320194  .00027860  00000+0  12985-2 0    02
2 98522  45.4089 255.8588 0007455 201.5294 169.8646 15.19131730    15
TAURUS 4
1 98521C 25248B   25306.26320194  .00027860  00000+0  12985-2 0    01
2 98521  45.4089 255.8588 0007455 201.5294 169.8646 15.19131730    14
STARCLOUD-1
1 66303U 25248L   26211.09930748  .00004903  00000-0  22510-3 0  9990
2 66303  45.3986 249.9035 0006258 286.9923  73.0278 15.21688167 41071
OBJECT-B
1 65489U 25197B   26211.07469144  .00004567  00000-0  21625-3 0  9994
2 65489  97.4101  36.5797 0012770 210.8039 149.2448 15.19768329 49795
UNICORN-2O
1 63980U 25052BS  26046.23064614  .07374698  24226-5  45213-2 0  9996
2 63980  97.3693 306.5452 0009140 143.6049 216.5862 16.18030447 51696
UNICORN-2P
1 63981U 25052BT  26061.66207681  .09079400  24721-5  43819-2 0  9999
2 63981  97.3656 322.3272 0007474 166.9554 193.1930 16.21219791 54086
LYRA-3
1 64577U 25135BB  26212.06621007  .00001535  00000-0  23692-3 0  9999
2 64577  97.7755 315.3142 0020510 196.8298 163.2233 14.74591308 59737
BUZZZER-1
1 62609U 25009A   26211.77813809  .00003129  00000-0  14026-3 0  9995
2 62609  97.3895 289.2638 0008508 166.3586 193.7882 15.21932181 85329
LYRA-4
1 64691U 25140A   26211.84258330  .00001337  00000-0  21437-3 0  9997
2 64691  96.0090 320.9142 0014172  64.8334 295.4347 14.72600746 58482
OBJECT D
1 64051U 25103D   26212.22639627  .00003850  00000-0  18552-3 0  9997
2 64051  97.3805 282.3662 0006030 100.6861 259.5053 15.19298890 66687
OBJECT A
1 65259U 25180A   26210.30236093  .00020782  00000-0  85527-3 0  9999
2 65259  97.5242 339.2467 0013057 162.8219 197.3462 15.24083351 52200
MONOLITH
1 49052U 21068A   26211.75005439  .00006440  00000-0  39813-3 0  9993
2 49052  37.0245   2.6990 0003331 233.9962 126.0475 15.09553663273867
TIANYAN 23
1 63209U 25051B   26212.20881870  .00038057  00000-0  64456-3 0  9991
2 63209  97.4515 300.9146 0003086 271.7585  88.3313 15.51449676 77185
2025-155M
1 64887U 25155M   25317.92250675  .00044892  00000+0  16888-2 0  9994
2 64887  97.4276 282.0216 0006853 188.9633 171.1484 15.26972395 47917
COSMIC
1 66658U 25274J   26211.78221498  .00002997  00000-0  28224-3 0  9992
2 66658  97.7467 140.6423 0011052 226.6646 133.3654 14.94555766 36741
OBJECT H
1 66657U 25274H   26211.73306086  .00002233  00000-0  21623-3 0  9992
2 66657  97.7465 140.4050 0010836 224.1928 135.8427 14.93707223 36726
OBJECT G
1 66656U 25274G   26212.02967355  .00002350  00000-0  22807-3 0  9991
2 66656  97.7474 140.6376 0012689 205.4669 154.5927 14.93545695 36760
OBJECT L
1 66660U 25274L   26211.72569113  .00001766  00000-0  17033-3 0  9997
2 66660  97.7474 140.5906 0012648 230.0369 129.9741 14.94110721 36735
OBJECT E
1 66654U 25274E   26211.73649333  .00002038  00000-0  20016-3 0  9992
2 66654  97.7473 140.2609 0012219 205.7359 154.3253 14.93229149 36718
OBJECT K
1 66659U 25274K   26211.74823087  .00002647  00000-0  25343-3 0  9992
2 66659  97.7472 140.5491 0011921 228.2716 131.7485 14.93989195 36732
E3TESTER
1 66662U 25274N   26211.75798632  .00002705  00000-0  25653-3 0  9993
2 66662  97.7478 140.6978 0013389 229.8989 130.1059 14.94345144 36744
OBJECT D
1 66653U 25274D   26211.77873860  .00001435  00000-0  14378-3 0  9993
2 66653  97.7470 140.1995 0011723 204.2460 155.8209 14.92889739 36710
OBJECT M
1 66661U 25274M   26211.77952603  .00001482  00000-0  14374-3 0  9993
2 66661  97.7475 140.6646 0013164 230.9272 129.0778 14.94135742 36747
CAS500-3
1 66655U 25274F   26211.77956632  .00001462  00000-0  16333-3 0  9997
2 66655  97.7427 138.8394 0004333  21.6364 338.5035 14.88438853 36634
BEE-1000
1 66650U 25274A   26211.78298110  .00002202  00000-0  21643-3 0  9996
2 66650  97.7469 140.1936 0010864 202.5683 157.5060 14.93119832 36718
HYDROGNSS-1
1 66762U 25276DA  26212.02414542  .00002972  00000-0  17819-3 0  9993
2 66762  97.4180 283.2466 0009346 256.9064 103.1123 15.11681010 36973
LILIUM-3
1 66770U 25276DJ  26211.68449225  .00003620  00000-0  17259-3 0  9998
2 66770  97.4226 284.7241 0003619  98.8195 261.3450 15.19722676 37035
MERCURY ONE (M1)
1 66742U 25276CE  26211.78437992  .00004509  00000-0  21275-3 0  9996
2 66742  97.4176 284.5877 0002986 146.1115 214.0312 15.19961403 37042
TRYAD-1
1 98514C 25276W   25332.82006016 -.00014061  00000+0 -69126-3 0    00
2 98514  97.4427  44.8324 0001837 139.3929 208.7124 15.18117529    17
TRYAD-2
1 98472C 25276G   25332.81894905 -.00015115  00000+0 -77900-3 0    04
2 98472  97.4427  44.8315 0005749 353.2232 348.8171 15.16448967    19
IHI-SAT2
1 66772U 25276DL  26211.74633115  .00007517  00000-0  33256-3 0  9994
2 66772  97.4216 285.2102 0002913  85.4796 274.6773 15.21958513 37076
ION SCV-021
1 98507C 25276DK  25332.83867706 -.00036221  00000+0 -18257-2 0    04
2 98507  97.4442  44.8477 0001886  15.3011  74.4274 15.17249798    11
HYDROGNSS-2
1 66763U 25276DB  26211.72687059  .00003043  00000-0  18242-3 0  9996
2 66763  97.4183 282.8907 0010747 196.3768 163.7117 15.11662551 36926
PIAST-S1
1 66749U 25276CM  26211.91005595  .00005296  00000-0  24408-3 0  9993
2 66749  97.4172 284.8697 0003234 143.3178 216.8279 15.20694242 37074
ION-SCV-022
1 66682U 25276S   26211.73827359  .00001531  00000-0  13447-3 0  9998
2 66682  97.5270 280.8543 0006937  43.9966 316.1808 14.97973896 36595
TORO2
1 98495C 25276A   25332.81865276 -.00018935  00000+0 -92912-3 0    01
2 98495  97.4471  44.8297 0002027 150.6290 189.7844 15.18183059    10
LILIUM-2
1 66679U 25276P   26211.67769028  .00002427  00000-0  12208-3 0  9994
2 66679  97.4133 283.8497 0005353 199.3385 160.7647 15.18155759 36993
AC1-002
1 98502C 25276DH  25332.83812498 -.00039587  00000+0 -19966-2 0    03
2 98502  97.4441  44.8466 0001831  19.3111  67.4049 15.17230783    14
OBJECT DP
1 66775U 25276DP  26211.76451815  .00006689  00000-0  29767-3 0  9995
2 66775  97.4112 284.8709 0002118  54.2521 305.8911 15.21802060 37075
MICE-1
1 66684U 25276U   26211.71297148  .00003652  00000-0  17534-3 0  9992
2 66684  97.4254 284.6193 0005254 182.8796 177.2410 15.19473599 37020
BRO-20
1 66674U 25276J   26212.05464282  .00002659  00000-0  13250-3 0  9991
2 66674  97.4149 284.3013 0005840 196.1343 163.9706 15.18407187 37059
PIAST-M
1 66758U 25276CW  26211.76657836  .00005361  00000-0  24731-3 0  9999
2 66758  97.4163 284.7362 0002404 123.4535 236.6931 15.20651729 37052
CTC-1A
1 98482U          25332.82035646  .00003403  00000-0  17393-3 0 00009
2 98482 097.4475 044.8332 0007770 330.0061 019.7177 15.16670007000013
T-MICROSAT-1
1 66766U 25276DE  26211.75861872  .00006222  00000-0  28160-3 0  9991
2 66766  97.4142 284.8118 0002026  87.0612 273.0855 15.21250606 37060
HUNITY-1
1 66670U 25276E   26211.73867556  .00028064  00000-0  99125-3 0  9995
2 66670  97.4050 285.6478 0006451 200.8270 159.2708 15.29156087 37137
PIAST-S2
1 66757U 25276CV  26211.74296683  .00006209  00000-0  28357-3 0  9995
2 66757  97.4196 284.8620 0002887 128.8636 231.2858 15.20935254 37058
AC1-001
1 98501C 25276DB  25332.83686572 -.00037976  00000+0 -19187-2 0    09
2 98501  97.4447  44.8504 0002753  16.4894  63.3438 15.17166546    14
6GSTARLAB
1 98500C 25276Q   25332.81957058 -.00020149  00000+0 -10356-2 0    09
2 98500  97.4493  44.8302 0005240 344.1804   1.2397 15.16550460    12
GYEONGGISAT-1
1 66771U 25276DK  26211.76435531  .00006260  00000-0  28384-3 0  9997
2 66771  97.4216 285.0470 0003265  92.9780 267.1829 15.21179297 37060
BRO-17
1 66672U 25276G   26212.01447894  .00003163  00000-0  15774-3 0  9999
2 66672  97.4173 284.2743 0006310 193.6131 166.4934 15.18238379 37048
PW-6U
1 98513C 25276X   25332.82018632 -.00000922  00000+0 -45419-4 0    07
2 98513  97.4459  44.8318 0001293 154.2539 194.5339 15.18038025    16
3UCUBED-A
1 98517C 25276BN  25332.82504975  .00001682  00000+0  83855-4 0    09
2 98517  97.4423  44.8362 0000660  28.9081 346.4366 15.17617264    11
ANISCSAT-1
1 66671U 25276F   26211.77393914  .00010773  00000-0  46862-3 0  9990
2 66671  97.4188 284.9591 0005558 189.0074 171.1064 15.22417747 37061
CTC-1C
1 98480U 25276AS  25332.82216433 -.00022598  00000+0 -11210-2 0    02
2 98480  97.4485  44.8340 0000580 252.9749 106.6046 15.17805408    04
LUNA-1
1 66777U 25276DR  26212.00784954  .00010509  00000-0  44269-3 0  9998
2 66777  97.4240 285.8608 0003516  86.8503 273.3136 15.23524318 37136
VEERY-0G SPIN-2
1 98471C 25276V   25332.82003007 -.00016250  00000+0 -83956-3 0    08
2 98471  97.4429  44.8323 0006176 356.8754 351.0665 15.16360449    14
NAHLA
1 66764U 25276DC  26211.85345823  .00002613  00000-0  12774-3 0  9997
2 66764  97.4182 284.5150 0003408 151.2068 208.9355 15.19095275 37045
CTC-1B
1 98481U          25332.82173840  .00003584  00000-0  17687-3 0 00003
2 98481 097.4451 044.8348 0003092 295.9955 061.2772 15.17917918000016
BLACK KITE-1
1 66741U 25276CD  26211.99617964  .00008122  00000-0  36697-3 0  9996
2 66741  97.4225 285.0812 0005695 179.6801 180.4439 15.21202681 34383
AC1-003
1 98503C 25276CR  25332.83576965 -.00036690  00000+0 -18600-2 0    06
2 98503  97.4447  44.8487 0002976  25.2861  48.5664 15.17046294    18
OTTER SDM
1 66678U 25276N   26211.69807942  .00007069  00000-0  32897-3 0  9996
2 66678  97.4192 284.4608 0005471 190.6675 169.4445 15.20233420 37027
OBJECT XY
1 66912U 98067XY  26181.26850509  .04959706  12213-4  89989-3 0  9996
2 66912  51.6017 203.3402 0004540 328.5351  31.5400 16.31633310 32959
OBJECT XX
1 66911U 98067XX  26101.45822411  .06931681  12208-4  13558-2 0  9995
2 66911  51.5990 251.7761 0012204 297.7475  62.2310 16.30633237 20407
GRUS-1C
1 47933U 21022B   26212.18699561  .00000565  00000-0  51561-4 0  9999
2 47933  97.5308  93.8211 0012139 164.5777 195.5819 14.98745846292497
GRUS-1E
1 47935U 21022D   26212.19933668  .00000967  00000-0  84486-4 0  9999
2 47935  97.5340  95.1530 0010012 171.1022 189.0380 14.98975423292542
GRUS-1D
1 47936U 21022E   26212.19814130  .00001061  00000-0  92722-4 0  9990
2 47936  97.5316  94.1229 0011589 155.6798 204.4974 14.98780109292497
DUPLEX
1 66906U 98067XS  26211.81706593  .00044382  00000-0  43194-3 0  9993
2 66906  51.6256  68.6292 0002207   3.5399 356.5612 15.65807500 37484
FORESAIL-1 PRIME
1 66778U 25276DS  26211.74080064  .00004600  00000-0  22273-3 0  9996
2 66778  97.4181 284.2192 0001464   2.8083 357.3160 15.19053350 37018
KINEIS-5D
1 62082U 24219B   26212.19147347  .00000855  00000-0  14222-3 0  9997
2 62082  97.9199   9.9270 0006230 124.4742 235.7056 14.72520197 90236
USA 570
1 66992U 25291A   26183.87235361 0.00000000  00000-0  00000-0 0    09
2 66992  63.4418 110.8213 0113000 181.2820 178.7180 13.41003812    08
W-SERIES 4
1 64543U 25135R   26155.12839034  .19897838  22280-5  14009-3 0  9996
2 64543  97.4058 267.3464 0042699 124.9730 235.5596 16.49444068 52632
OBJECT A
1 66993U 25292A   26211.75207139  .00004752  00000-0  32424-3 0  9995
2 66993  97.6300 287.0397 0014412 205.1638 154.8888 15.06605421 35003
FORMOSAT-8A
1 66666U 25276A   26211.74458542  .00001878  00000-0  15253-3 0  9996
2 66666  97.6548 285.3308 0007319  85.3514 274.8545 15.00800176 36592
COSMOS 2582
1 62903U 25026B   26211.65869742  .00001217  00000-0  10890-3 0  9996
2 62903  81.9943  30.1307 0008647 273.2306  86.7925 14.95090914 80702
ALOS 2
1 39766U 14029A   26212.16816365  .00001636  00000-0  22583-3 0  9995
2 39766  97.9236 308.7031 0001553  93.3804 266.7585 14.79474486658082
THE ARAB SATELLITE 813
1 66994U 25292B   26211.79470692  .00004201  00000-0  28542-3 0  9991
2 66994  97.6314 287.1766 0013988 203.9442 156.1136 15.06838492 35014
SPACEMOBILE-006
1 67232U 25309A   26211.08371884  .00002587  00000-0  13816-3 0  9994
2 67232  52.9973 135.1248 0009256 266.8913  93.1022 15.18740800 33117
OBJECT D
1 66996U 25292D   26212.03865259  .00003446  00000-0  23850-3 0  9995
2 66996  97.6293 287.2760 0013766 206.8901 153.1614 15.06280325 35040
CO3D1
1 64903U 25156E   26212.12421241  .00004001  00000-0  18790-3 0  9994
2 64903  97.4334 290.0844 0001264  88.8131 271.3249 15.20191672 56208
OBJECT T
1 67265U 25313T   26211.20115738  .00008692  00000-0  36096-3 0  9991
2 67265  97.3916 285.2539 0013680 206.6820 153.3715 15.23981449 32500
OBJECT W
1 67268U 25313W   26211.13182163  .00007370  00000-0  31437-3 0  9998
2 67268  97.3932 285.0699 0014049 207.3589 152.6909 15.23126247 32487
OBJECT R
1 67263U 25313R   26211.19517435  .00007894  00000-0  32709-3 0  9997
2 67263  97.3937 285.3200 0013768 205.5678 154.4880 15.24087381 32501
OBJECT BB
1 67297U 25313BB  26211.15203119  .00010830  00000-0  42324-3 0  9999
2 67297  97.3927 285.8054 0008027 194.7826 165.3179 15.26015654 32536
OBJECT J
1 67256U 25313J   26211.16799462  .00009304  00000-0  38778-3 0  9998
2 67256  97.3907 285.1213 0014887 205.1733 154.8781 15.23821509 32492
OBJECT AT
1 67289U 25313AT  26211.16499246  .00013354  00000-0  50604-3 0  9993
2 67289  97.3919 285.9051 0009013 192.8058 167.2954 15.26981151 32545
OBJECT AY
1 67294U 25313AY  26211.17704383  .00009466  00000-0  37293-3 0  9999
2 67294  97.3925 285.7574 0008568 193.0130 167.0889 15.25777541 32533
OBJECT E
1 67252U 25313E   26211.17423525  .00007263  00000-0  29520-3 0  9996
2 67252  97.3930 285.6063 0010002 184.0157 176.1002 15.24805410 32523
OBJECT N
1 67260U 25313N   26211.17784605  .00006543  00000-0  28345-3 0  9998
2 67260  97.3934 285.0073 0012905 206.1228 153.9359 15.22659179 32480
OBJECT K
1 67257U 25313K   26211.17347380  .00008873  00000-0  37099-3 0  9993
2 67257  97.3917 285.1325 0014696 207.3002 152.7464 15.23734079 32499
OBJECT Y
1 67270U 25313Y   26211.19472971  .00008912  00000-0  36876-3 0  9991
2 67270  97.3925 285.2893 0013731 206.1368 153.9178 15.24095522 32506
OBJECT AV
1 67291U 25313AV  26211.14139714  .00014874  00000-0  55705-3 0  9990
2 67291  97.3915 285.9303 0008718 190.8038 169.3015 15.27346234 32540
OBJECT AR
1 67287U 25313AR  26211.16523579  .00009203  00000-0  36877-3 0  9992
2 67287  97.3919 285.6031 0009207 194.8289 165.2681 15.25213228 32526
OBJECT BA
1 67296U 25313BA  26211.16104161  .00010603  00000-0  41534-3 0  9996
2 67296  97.3930 285.7873 0008346 193.3303 166.7716 15.25940967 32531
OBJECT AW
1 67292U 25313AW  26211.18290239  .00009189  00000-0  36268-3 0  9991
2 67292  97.3920 285.7407 0008707 192.8671 167.2346 15.25725815 32530
OBJECT AZ
1 67295U 25313AZ  26211.18666755  .00007483  00000-0  30482-3 0  9991
2 67295  97.3922 285.5796 0010353 186.0399 174.0716 15.24718296 32526
OBJECT L
1 67258U 25313L   26211.16140358  .00009479  00000-0  39463-3 0  9999
2 67258  97.3910 285.1352 0014628 206.3356 153.7139 15.23860083 32494
OBJECT AU
1 67290U 25313AU  26211.19721937  .00009199  00000-0  36425-3 0  9990
2 67290  97.3923 285.7108 0008944 193.3329 166.7674 15.25613744 32533
OBJECT U
1 67266U 25313U   26210.93015329  .00009415  00000-0  38930-3 0  9999
2 67266  97.3943 285.0833 0013623 206.0112 154.0442 15.24105028 32463
OBJECT AN
1 67284U 25313AN  26211.19610199  .00004999  00000-0  21361-3 0  9996
2 67284  97.3906 285.2159 0010057 199.5411 160.5442 15.23269147 32500
OBJECT AH
1 67279U 25313AH  26211.17362299  .00006894  00000-0  29246-3 0  9999
2 67279  97.3907 285.1173 0013326 206.1106 153.9461 15.23343042 32490
OBJECT AX
1 67293U 25313AX  26211.18424528  .00003912  00000-0  16861-3 0  9997
2 67293  97.3922 285.2785 0010699 188.3191 171.7870 15.23107155 32505
ICEYE-X52
1 64572U 25135AW  26212.15080207  .00001822  00000-0  17760-3 0  9993
2 64572  97.7787 325.9272 0002475 145.5589 214.5791 14.93706761 60443
IGS Opt 6
1 43223U 18021A   26202.02340373 0.00000000  00000-0  00000-0 0    03
2 43223  97.3818 321.6089 0004771 104.2289 255.7710 15.27652477    09
Unknown Satellite
1 98424U 14087A   25365.46550792  .00000000  00000-0  13520-3 0    03
2 98424  97.5500  77.9404 0006729 146.6344 341.7667 15.19828235    06
MAUVE
1 66756U 25276CU  26211.74626348  .00007499  00000-0  33944-3 0  9999
2 66756  97.4189 284.8283 0003035 129.9965 230.1538 15.21173223 37051
OBJECT S
1 67264U 25313S   26211.16345376  .00006280  00000-0  27118-3 0  9994
2 67264  97.4008 285.2407 0013933 212.8472 147.1900 15.22771332 32480
OBJECT Z
1 67271U 25313Z   26211.16169554  .00004522  00000-0  20115-3 0  9991
2 67271  97.3921 284.8612 0014202 204.8797 155.1756 15.21907687 32475
PANDORA
1 98415U          26011.57430556  .00000000  00000-0  50000-4 0    04
2 98415  97.4500  12.1270 0001449   0.0000 144.8055 15.13677675    00
CONNECTA IOT-16
1 67390U 26004AD  26211.22559287  .00002898  00000-0  14546-3 0  9999
2 67390  97.4603 209.5679 0003918 165.3556 194.7792 15.18097739 30277
CONNECTA IOT-15
1 67402U 26004AR  26210.98916607  .00003510  00000-0  17617-3 0  9992
2 67402  97.4579 209.2205 0003899 152.4995 207.6446 15.17953165 30225
CONNECTA IOT-14
1 67401U 26004AQ  26211.23255837  .00002873  00000-0  14139-3 0  9998
2 67401  97.4526 209.6545 0009549 178.9412 181.1845 15.18764977 30290
CONNECTA IOT-13
1 67400U 26004AP  26211.24612784  .00002743  00000-0  13747-3 0  9996
2 67400  97.4578 209.6315 0008196 188.1576 171.9526 15.18178669 30281
DCUBED-1
1 98416U          26011.57430556  .00000000  00000-0  50000-4 0    05
2 98416  97.4500  12.1270 0001449   0.0000 144.8055 15.13677675    01
CARSBSAR
1 98417U          26011.57430556  .00000000  00000-0  50000-4 0    06
2 98417  97.4500  12.1270 0001449   0.0000 144.8055 15.13677675    02
SPARCS
1 98418U          26011.57430556  .00000000  00000-0  50000-4 0    07
2 98418  97.4500  12.1270 0001449   0.0000 144.8055 15.13677675    03
FLAMINGO-1
1 67391U 26004AE  26210.94534661  .00001746  00000-0  89746-4 0  9993
2 67391  97.4570 209.2149 0006059 162.3910 197.7535 15.17778971 30237
Hydra-2
1 98414U          26011.61429188  .00000000  00000-0  10027-2 0  9997
2 98414  97.4560  12.9912 0004309 139.7313 219.8438 15.16782699    16
TANDEM X
1 36605U 10030A   26209.42527584  .00000565  00000-0  30105-4 0  9999
2 36605  97.4466 216.5473 0001906  88.7330 271.4123 15.19149466892905
TERRA SAR X
1 31698U 07026A   26209.49114323  .00000604  00000-0  31958-4 0  9998
2 31698  97.4466 216.6102 0001576  89.8315 270.3100 15.19149834 59491
OBJECT AK
1 67281U 25313AK  26211.17723758  .00004986  00000-0  21530-3 0  9991
2 67281  97.3864 284.9844 0011304 201.7402 158.3356 15.22905534 32492
OBJECT AJ
1 67280U 25313AJ  26211.19056300  .00004873  00000-0  21101-3 0  9993
2 67280  97.3983 285.2854 0012493 203.3808 156.6863 15.22808281 32491
NORSAT 3
1 48272U 21034E   26212.21052387  .00003872  00000-0  27233-3 0  9994
2 48272  97.5289 268.4260 0008745 140.3733 219.8134 15.05625725286460
CHEOPS
1 44874U 19092B   26211.06572948  .00000289  00000-0  67111-4 0  9990
2 44874  98.1510  38.7366 0009847 332.0802  27.9870 14.61991157352166
ZY 3 04
1 67131U 25300A   26211.77303375  .00004739  00000-0  21578-3 0  9994
2 67131  97.4717 289.3484 0007388 144.0059 216.1675 15.21149624 34462
NOSS 3-7 (A)
1 40964U 15058A   26157.94350875 0.00000000  00000-0  00000-0 0    07
2 40964  63.4334 100.0701 0211655 358.3492   1.6508 13.41000764    07
LIDE
1 64869U 25154A   26212.04752553  .00003727  00000-0  34917-3 0  9990
2 64869  97.6690 274.8865 0006876  89.5870 270.6138 14.94619268 55553
RADARSAT 2
1 32382U 07061A   26212.18942992  .00000170  00000-0  83033-4 0  9998
2 32382  98.5787 218.4952 0001314  83.7551 276.3781 14.29983062972245
OBJECT B
1 66651U 25274B   26211.74094852  .00003151  00000-0  30498-3 0  9992
2 66651  97.7461 140.2303 0011114 200.0594 160.0190 14.93427413 36713
TIGER-8
1 59120U 24043Y   26211.87001584  .00009650  00000-0  20342-3 0  9999
2 59120  97.5594   2.2540 0008386  54.3860 305.8168 15.45430280134531
HJS-6B
1 63429U 25067B   26212.21764267  .00006474  00000-0  31802-3 0  9990
2 63429  54.9930 195.2195 0010558  84.9012 275.3212 15.19241860 74630
LEOPARD
1 67687U 98067YD  26211.91368615  .00081669  00000-0  78299-3 0  9993
2 67687  51.6276  73.0572 0004683 339.6731  20.4077 15.65917284 27041
HMU-SAT2
1 67688U 98067YE  26211.87130301  .00086680  00000-0  72378-3 0  9998
2 67688  51.6265  71.2551 0003908 338.2213  21.8617 15.69296929 27063
UITMSAT
1 67686U 98067YC  26211.88738213  .00113074  00000-0  83663-3 0  9990
2 67686  51.6236  69.8392 0003630 329.7722  30.3066 15.72079504 27163
CORAL
1 67684U 98067YA  26211.82319590  .03860643  11943-4  14260-2 0  9997
2 67684  51.6028  58.6903 0014351 277.6670  82.2720 16.23508589 27305
KNACKSAT-2
1 67683U 98067XZ  26212.17761455  .00050746  00000-0  52820-3 0  9991
2 67683  51.6271  72.5589 0007083  16.4034 343.7189 15.64029355 27156
GXIBA-1
1 67685U 98067YB  26211.86798647  .00067615  00000-0  63577-3 0  9995
2 67685  51.6252  72.7264 0007563  10.7264 349.3892 15.66458557 27126
LOGSATS
1 62689U 25009CJ  26098.74662697  .12544300  24838-5  19322-2 0  9997
2 62689  97.3596 191.3193 0013238 279.5788  80.4012 16.33862094 68979
ICEYE-X62
1 66755U 25276CT  26211.72966145  .00004034  00000-0  25009-3 0  9993
2 66755  97.4183 282.5739 0002207 174.5501 185.5753 15.10291847 36903
LEMUR-2 GRAM-E-SUE
1 67370U 26004H   26210.98701702  .00002545  00000-0  27858-3 0  9999
2 67370  97.7989 208.8766 0007347  19.8259 340.3243 14.88653538 29669
SJ-30A
1 66545U 25266A   26211.63001148  .00008558  00000-0  46034-3 0  9998
2 66545  51.8003 335.9060 0007159  35.8193 324.3263 15.15600858 38443
IRIDE FM4
1 66698U 25276AJ  26211.73491106  .00006286  00000-0  29324-3 0  9995
2 66698  97.4168 284.4708 0003619 187.5023 172.6159 15.20200317 37035
HErO
1 98388U 14900A   26064.12755787  .00000000  00000-0  00000-0 0    03
2 98388  97.4566 147.8115 0001824 270.0767  71.5898 15.21229641    07
TATARA-1R
1 98390U 14900A   26064.12755787  .00000000  00000-0  00000-0 0    06
2 98390  97.4566 147.8115 0001824 270.0767  71.5898 15.21229641    00
SC-Sat1a
1 98389U 14900A   26064.12755787  .00000000  00000-0  00000-0 0    04
2 98389  97.4566 147.8115 0001824 270.0767  71.5898 15.21229641    08
AETS-1
1 98387U 14900A   26064.12755787  .00000000  00000-0  00000-0 0    02
2 98387  97.4566 147.8115 0001824 270.0767  71.5898 15.21229641    06
IOD2_STARTICAL
1 64538U 25135L   26211.87930785  .00004041  00000-0  18707-3 0  9996
2 64538  97.4739 326.0925 0005298  42.4882 317.6763 15.20680677 61468
TEN-KOH 2
1 68261U 25241B   26211.88170605  .00006939  00000-0  29291-3 0  9997
2 68261  51.6544 111.6015 0005125 283.0661  76.9745 15.24353138 21572
OBJECT G
1 67254U 25313G   26210.65629841  .00032146  00000-0  38779-3 0  9993
2 67254  97.0819 288.1339 0002589  50.5240 309.6247 15.60706035 33239
OBJECT H
1 67255U 25313H   26211.13303218  .00003381  00000-0  21644-3 0  9997
2 67255  97.2836 276.7788 0068370 185.3339 174.7170 15.07272610 32129
ICEYE-X61
1 66754U 25276CS  26211.78183102  .00003253  00000-0  16010-3 0  9996
2 66754  97.4184 284.4592 0003610 158.9692 201.1692 15.18694484 37031
OBJECT R
1 66681U 25276R   26211.72775575  .00015283  00000-0  60937-3 0  9993
2 66681  97.4099 285.1874 0004772 202.3158 157.7873 15.25278936 37098
OBJECT H
1 66673U 25276H   26211.91185757  .00010934  00000-0  45440-3 0  9992
2 66673  97.4146 285.2141 0005964 200.9558 159.1435 15.23960401 37107
OBJECT AP
1 67285U 25313AP  26211.17616536  .00006905  00000-0  28593-3 0  9999
2 67285  97.3904 285.3792 0009741 199.9604 160.1253 15.24198903 32518
LEMUR 2 AFFIE-WAUWIE
1 66295U 25248C   26211.14001937  .00014136  00000-0  50608-3 0  9993
2 66295  45.3911 241.9844 0008820 329.1571  30.8800 15.28732314 41168
LEMUR 2 AMANDA-SVANTE
1 48269U 21034B   26211.75636228  .00034300  00000-0  94919-3 0  9995
2 48269  97.5744 291.2686 0004402 108.8207 251.3515 15.36916057287740
GLOBAL-5
1 55983U 23041C   26211.30470532  .00008322  00000-0  22550-3 0  9998
2 55983  42.0014 309.8396 0008708 288.9843  71.0053 15.37824174188573
GLOBAL-33
1 66554U 25267A   26212.02886846  .00011749  00000-0  31803-3 0  9993
2 66554  42.0187 161.0574 0010315 208.5015 151.5261 15.37541191 38790
LEMUR 2 LANGER2SPACE
1 63358U 25061H   26211.88861632  .00004264  00000-0  23389-3 0  9997
2 63358  97.5643 187.3377 0018464 105.3175 255.0098 15.14567621 74235
OBJECT A
1 58820U 24016A   26212.17334289  .00036850  00000-0  49705-3 0  9996
2 58820  97.4485 309.3738 0005325 231.1120 128.9660 15.57707183140911
OBJECT F
1 67253U 25313F   26211.20085966  .00009148  00000-0  11135-3 0  9991
2 67253  97.0823 288.7604 0003018  73.6705 286.4885 15.60746580 33334
OBJECT C
1 67748U 26027C   26211.88724318  .00004728  00000-0  22761-3 0  9994
2 67748  97.5125 339.7961 0011973  71.5227 288.7307 15.19193151 25598
RASSVET-3 14
1 68373U 26061P   26211.85421834  .00034565  00000-0  26141-3 0  9999
2 68373  82.2950 323.8900 0008417 320.1357  39.9286 15.72199342 20429
OBJECT AF
1 67277U 25313AF  26211.19533324  .00006322  00000-0  27055-3 0  9990
2 67277  97.3893 285.0459 0012863 209.8562 150.1943 15.23087470 32493
WINNEBAGO 06
1 98357C 26066AX  26089.50644153 -.00021799  00000+0 -10992-2 0    00
2 98357  97.4426  49.1605 0002517  19.0277  10.5102 15.17232642    15
VIREON-2
1 98349C 26067F   26089.49773563 -.00014857  00000+0 -72769-3 0    06
2 98349  97.4450  49.1587 0002503 123.2850 218.7612 15.18244923    16
CYCLOPS-1
1 98350C 26067T   26089.49942544 -.00020853  00000+0 -10285-2 0    02
2 98350  97.4520  49.1589 0000707 161.0262 190.2316 15.18005631    15
VIGORIDE
1 98359C 26066AS  26089.50558273 -.00006157  00000+0 -30670-3 0    06
2 98359  97.4424  49.1595 0000674 359.9242  24.9258 15.17658170    12
AIGLONSAT-1
1 68437U 26067X   26211.88547953  .00017255  00000-0  78567-3 0  9996
2 68437  97.4531 169.8532 0000951 157.0185 203.1093 15.20754227 18580
UNICORN-2S
1 68475U 26067BM  26211.84900813  .00009212  00000-0  89684-3 0  9998
2 68475  97.7528 169.3099 0001637 286.3913  73.7126 14.92736492 17715
UNICORN-2R
1 98353C 26067BH  26089.56063215 -.00072091  00000+0 -73836-2 0    04
2 98353  97.7465  49.0705 0004127 349.1024 334.3763 14.90616544    10
OBJECT BT
1 68481U 26067BT  26211.82145536  .00000828  00000-0  86827-4 0  9997
2 68481  97.7700 169.5750 0003421 143.6482 216.4970 14.92186932 18238
T.MICROSAT-2
1 68433U 26067T   26211.84203269  .00005254  00000-0  26328-3 0  9991
2 68433  97.4594 169.5635 0003640 271.6323  88.4493 15.17787591 18552
SPACEVAN 2
1 98358C 26066AW  26089.50622046 -.00013155  00000+0 -65649-3 0    05
2 98358  97.4405  49.1592 0000895  26.8142   1.5212 15.17592748    10
SHARJAH-SAT 2
1 98363C 26067V   26089.49984326 -.00012757  00000+0 -63026-3 0    06
2 98363  97.4513  49.1596 0000455 143.3402 210.2007 15.17945209    11
SAL-E
1 68458U 26067AU  26211.82009834  .00007988  00000-0  39204-3 0  9991
2 68458  97.4508 169.4462 0003697 289.9785  70.1051 15.18351064 18558
OBJECT BD
1 68467U 26067BD  26211.87372037  .00017166  00000-0  79030-3 0  9994
2 68467  97.4434 169.5741 0003478 294.4629  65.6243 15.20370863 18577
OBJECT A
1 68416U 26067A   26211.87731334  .00006666  00000-0  31272-3 0  9996
2 68416  97.4576 169.9322 0004081 105.0388 255.1299 15.19984122 18582
PARUS-6U1
1 68456U 26067AS  26211.83390639  .00005881  00000-0  29294-3 0  9994
2 68456  97.4582 169.5459 0003553 274.4146  85.6682 15.17943971 18550
OPTISAT
1 68418U 26067C   26211.97665147  .00005069  00000-0  24330-3 0  9990
2 68418  97.4614 170.0148 0003964 117.8674 242.2962 15.19310144 18596
LUNA-2
1 68470U 26067BG  26211.84402029  .00006074  00000-0  30295-3 0  9996
2 68470  97.4505 169.4148 0004840 281.0830  78.9859 15.17884781 18553
LILIUM-4
1 98391C 26067AC  26089.50133053 -.00014632  00000+0 -74472-3 0    03
2 98391  97.4497  49.1617 0004341   5.9603 355.7042 15.16896692    15
OBJECT B
1 68417U 26067B   26211.88379197  .00006760  00000-0  31790-3 0  9993
2 68417  97.4597 169.9562 0003963 107.6882 252.4786 15.19893767 18582
ION SCV-019
1 68435U 26067V   26211.84566682  .00003938  00000-0  18632-3 0  9990
2 68435  97.4573 169.8272 0007882 243.3870 116.6558 15.19925925 18571
IO-1
1 98348C 26067BQ  26089.56125831 -.00083000  00000+0 -84054-2 0    07
2 98348  97.7477  49.0697 0002170   6.1545 320.6790 14.91078349    15
HADES-SA (SPINNYONE)
1 68446U 26067AG  26211.80857156  .00019337  00000-0  88623-3 0  9994
2 68446  97.4426 169.5006 0003872 291.9063  68.1760 15.20499044 18554
GRAVITAS
1 98355C 26066BB  26089.55429037 -.00066622  00000+0 -66475-2 0    06
2 98355  97.7519  49.0603 0001441 291.2423 358.1870 14.91667363    14
GEMS2 AMETHYST
1 98354C 26066BE  26089.56114338 -.00079475  00000+0 -80259-2 0    07
2 98354  97.7510  49.0679 0003524 323.0444   3.1677 14.91186189    12
GARAI B
1 98361C 26067AN  26089.50366734 -.00003564  00000+0 -18032-3 0    06
2 98361  97.4484  49.1644 0003509  15.7336 358.6906 15.17105218    14
FOSSASAT-2E
1 98351C 26067BT  26089.56152220 -.00073743  00000+0 -73055-2 0    05
2 98351  97.7527  49.0666 0002264 140.9448 187.2918 14.91955055    11
FGN 100 D3
1 98360C 26067AR  26089.50501456 -.00022081  00000+0 -11164-2 0    00
2 98360  97.4449  49.1646 0003388  23.7550 358.0272 15.17137345    14
ERMIS3
1 68425U 26067K   26212.19073833  .00005094  00000-0  24490-3 0  9993
2 68425  97.4615 170.1937 0002586 125.7704 234.3772 15.19251228 18625
OBJECT E
1 68420U 26067E   26212.19175573  .00008149  00000-0  37584-3 0  9994
2 68420  97.4499 170.1721 0003635  89.8575 270.3077 15.20503288 18630
DB-BECON-2-VU
1 68468U 26067BE  26211.82736257  .00009097  00000-0  44572-3 0  9995
2 68468  97.4571 169.5540 0004410 264.5056  95.5675 15.18367224 18559
EMISAR
1 68427U 26067M   26211.82686659  .00009358  00000-0  43695-3 0  9995
2 68427  97.4576 169.8494 0002449 129.3960 230.7492 15.20037723 18575
DISCO-2
1 68431U 26067R   26211.84658863  .00008286  00000-0  39121-3 0  9996
2 68431  97.4629 169.9106 0002432 146.0875 214.0516 15.19689027 18573
FEMTO-1
1 68419U 26067D   26212.11083076  .00003080  00000-0  14971-3 0  9994
2 68419  97.4570 170.0722 0003581  99.8513 260.3126 15.19169519 18616
COSMO
1 68460U 26067AW  26212.14494828  .00010920  00000-0  52917-3 0  9997
2 68460  97.4516 169.8047 0003604 284.3599  75.7235 15.18702208 18604
BRO 19
1 98364U          26095.63073419 +.00006059 +00000+0 +29926-3 0 00154
2 98364  97.4429  55.1931 0002637 103.8937 256.2591 15.18233373000938
BLACK KITE-2
1 68474U 26067BL  26212.12267075  .00002000  00000-0  19897-3 0  9992
2 68474  97.7575 169.7716 0003915  92.1456 268.0212 14.92768131 18285
Unknown 2 - T16
1 98345C 26066AB  26089.50170542 -.00003004  00000+0 -14893-3 0    07
2 98345  97.4431  49.1553 0000362 126.4920 237.1910 15.17819254    18
Unknown 5 - T16
1 98342C 26066H   26089.49848319 -.00017647  00000+0 -86272-3 0    04
2 98342  97.4377  49.1533 0003071 132.7149 213.3884 15.18310102    10
OUT OF THE BOX
1 68428U 26067N   26211.88259145  .00002639  00000-0  13028-3 0  9990
2 68428  97.4603 169.8164 0001890 138.9482 221.1895 15.18755233 18576
FFLY-1
1 65320U 25188F   26212.14583134  .00001457  00000-0  14639-3 0  9995
2 65320  97.7362 286.6357 0010406  37.0305 323.1631 14.92747854 50463
ELEKTRO-L 5
1 67756U 26028A   26210.93427049 -.00000094  00000-0  00000+0 0  9991
2 67756   0.1909 334.5993 0002193 172.8584 212.5468  1.00271684  1680
OBJECT J
1 68635U 26074J   26211.99561817  .00012271  00000-0  47293-3 0  9996
2 68635  60.0235   9.6419 0034994  56.6528 303.7895 15.26192718 17472
RAWHIDE-1
1 68629U 26074C   26212.17026569  .00003202  00000-0  13759-3 0  9994
2 68629  60.0231   9.3371 0036164  55.9788 304.4718 15.24768036 17490
OBJECT E
1 68631U 26074E   26211.84153525  .00004812  00000-0  20033-3 0  9994
2 68631  60.0229  10.5886 0034524  58.0700 302.3730 15.24890961 17440
LPNTSAT-002
1 68409U 26065B   26211.91780987  .00006055  00000-0  28565-3 0  9992
2 68409  97.3944  91.5728 0012894 199.3979 160.6767 15.19758304 18889
OBJECT A
1 67646U 26021A   26211.77547372  .00005496  00000-0  23454-3 0  9999
2 67646  97.4570 285.2625 0012622  20.7888 339.3860 15.23250212 27508
PRAETORIAN SDA_610
1 65573U 25203J   26211.80461219  .00000085  00000-0  66264-4 0  9992
2 65573  81.3038 330.3984 0007862  83.4659 276.7392 13.83530410 44720
MR-1
1 67557U 26015B   26211.10970107  .00000078  00000-0  98847-4 0  9996
2 67557  88.9975 264.1912 0002261 353.0244   7.0876 13.52671896 25514
CENTISPACE-2 S8
1 68357U 26060H   26211.53358009  .00000285  00000-0  11942-3 0  9993
2 68357  54.9832 224.4694 0008230 277.0547  82.9505 14.48719376 19085
MR-2
1 67556U 26015A   26211.69794266  .00000080  00000-0  10181-3 0  9996
2 67556  88.9976 264.1313 0002187 353.2722   6.8401 13.52697542 25594
RAWHIDE-2
1 68632U 26074F   26211.78536625  .00003951  00000-0  16451-3 0  9996
2 68632  60.0320  10.4365 0034466  59.8073 300.6415 15.25325259 17435
ICEYE-X59
1 66752U 25276CQ  26211.74720354  .00004684  00000-0  37252-3 0  9996
2 66752  97.4430 281.1878 0001791 117.3906 242.7501 15.00875575 36806
ICEYE-X60
1 66753U 25276CR  26212.16668980  .00034254  00000-0  19900-2 0  9995
2 66753  97.4176 283.5302 0002048 189.9721 219.6838 15.12014408  5825
MAGNARO-II
1 68798U 26088G   26211.91486770  .00003273  00000-0  21004-3 0  9991
2 68798  97.5121   0.3904 0017473 292.8965  67.0419 15.09061039 14897
ORIGAMISAT-2
1 68795U 26088D   26210.92742827  .00011292  00000-0  70422-3 0  9994
2 68795  97.5117 359.4127 0013354 292.7344  67.2473 15.09619446 14745
OBJECT A
1 68792U 26088A   26211.31232326  .00003656  00000-0  24693-3 0  9997
2 68792  97.5114 359.5103 0013320 324.6880  35.3465 15.07140199 14780
OBJECT F
1 68797U 26088F   26211.99246856  .00005298  00000-0  33756-3 0  9993
2 68797  97.5112   0.4274 0013786 289.3575  70.6163 15.09085654 14905
OBJECT B
1 68793U 26088B   26211.89529264  .00003780  00000-0  25394-3 0  9998
2 68793  97.5118   0.1062 0014367 317.5274  42.4841 15.07307090 14870
OBJECT E
1 68796U 26088E   26212.20387035  .00003719  00000-0  24042-3 0  9996
2 68796  97.5119   0.6086 0013900 289.4593  70.5133 15.08742796 14938
LPNTSAT-001
1 68408U 26065A   26211.10326256  .00002504  00000-0  12353-3 0  9990
2 68408  97.3955  90.6968 0015426 209.2774 150.7598 15.18733014 18774
BLACKCAT
1 67369U 26004G   26210.93031657  .00001555  00000-0  17629-3 0  9992
2 67369  97.8003 208.6577 0007579  17.4305 342.7171 14.87782486 29644
FFLY-2
1 65322U 25188H   26212.12537282  .00000943  00000-0  96624-4 0  9992
2 65322  97.7349 286.6105 0012028 345.8356  14.2525 14.92760138 50469
BALKAN-2
1 69024U 26100AW  26211.28027007  .00005295  00000-0  24547-3 0  9994
2 69024  97.4015 108.3152 0002827 173.1954 186.9320 15.20489323 13356
PEARL-1A
1 68990U 26100L   26211.24914576  .00001194  00000-0  12606-3 0  9994
2 68990  97.7256 107.7382 0006233  35.3837 324.7794 14.91091611 13116
SNAPPY
1 98309U          26123.29305556  .00000000  00000-0  50000-4 0    00
2 98309  97.3900  21.0349 0014528   0.0000 144.7244 15.20279983    00
BRO-21
1 69007U 26100AD  26211.26580313  .00003377  00000-0  15224-3 0  9998
2 69007  97.3991 108.4509 0006071 263.1967  96.8578 15.21701384 13354
OBJECT K
1 68989U 26100K   26211.25554698  .00002307  00000-0  23877-3 0  9997
2 68989  97.7338 107.8092 0006183   9.0387 351.0942 14.91013372 13112
DRISHTI
1 69010U 26100AG  26211.71938236  .00002808  00000-0  13108-3 0  9990
2 69010  97.3984 108.7556 0003890 221.5557 138.5383 15.20646485 13429
EYCORE-1
1 69011U 26100AH  26211.70892472  .00004816  00000-0  22033-3 0  9999
2 69011  97.3993 108.7824 0003023 223.8680 136.2316 15.20988600 13427
SELENE
1 69020U 26100AS  26211.95172244  .00005527  00000-0  25734-3 0  9995
2 69020  97.3981 108.9070 0004225 161.6443 198.4946 15.20312478 13456
HELIOS
1 69021U 26100AT  26211.94305310  .00006926  00000-0  31947-3 0  9994
2 69021  97.3968 108.8970 0004536 170.4553 189.6769 15.20549687 13454
FRONTIERSAT
1 69015U 26100AM  26211.25414452  .00008739  00000-0  38162-3 0  9999
2 69015  97.3947 108.4097 0006141 246.6255 113.4336 15.22343635 13372
OBJECT W
1 69000U 26100W   26211.71184463  .00002167  00000-0  21719-3 0  9999
2 69000  97.7266 108.3745 0002454  93.4742 266.6757 14.92375541 13190
NULINK-2
1 68994U 26100Q   26212.02967875  .00000930  00000-0  95617-4 0  9996
2 68994  97.7277 108.7350 0001995 118.8520 241.2900 14.92679029 13247
NULINK-1
1 69002U 26100Y   26211.95488157  .00001239  00000-0  12520-3 0  9993
2 69002  97.7299 108.6985 0001755 147.9763 212.1563 14.92790298 13223
PEARL-1B
1 68980U 26100A   26211.20619255  .00002383  00000-0  24825-3 0  9992
2 68980  97.7310 107.6929 0007703  18.0016 342.1474 14.90721899 13095
HYDRA-3
1 98308U          26123.40776256  .00000000  00000-0  50000-4 0    01
2 98308  97.3900  21.9297 0014528   0.0000  48.1116 15.20279983    05
CRYOSAT 2
1 36508U 10013A   26212.19041914  .00000138  00000-0  33428-4 0  9995
2 36508  92.0347 287.9982 0002657  97.0785 263.0724 14.51901573864468
PEXT
1 64874U 25154F   26212.06609838  .00003106  00000-0  14443-3 0  9998
2 64874  97.3938 276.2528 0004306 118.2242 241.9429 15.20692879 56512
CENTISPACE-1 S11
1 62580U 25007F   26212.16266547 -.00000057  00000-0  79426-4 0  9990
2 62580  54.9770 137.3069 0010602 172.3941 187.7178 13.80618888 80806
SDA_1667
1 65977U 25230D   26211.92017258  .00000141  00000-0  12108-3 0  9993
2 65977  81.3001 171.7417 0001270  90.4920 269.6380 13.81443239 39825
IRIS
1 39197U 13033A   26211.12741804  .00001070  00000-0  12831-3 0  9994
2 39197  97.9313  50.2691 0024442 175.0920 185.0539 14.85964617706753
ICEYE-X54
1 64570U 25135AU  26212.14164703  .00003213  00000-0  30099-3 0  9990
2 64570  97.7763 326.1503 0003378 142.9122 217.2332 14.94751542 60463
ICEYE-X75
1 68497U 26067CK  26211.89069661  .00001220  00000-0  12528-3 0  9998
2 68497  97.7618 169.5216 0002462 122.2648 237.8809 14.92204081 18246
VEGA
1 68430U 26067Q   26211.84592862  .00007954  00000-0  37627-3 0  9991
2 68430  97.4519 169.7460 0002281 103.4977 256.6512 15.19636400 18578
SDA_1684
1 65994U 25230W   26211.90661475 -.00000366  00000-0 -37650-3 0  9996
2 65994  81.3018 172.2464 0001973  77.7204 282.4170 13.78088833 39790
AEPEX
1 68506U 26067CU  26212.18934919  .00006669  00000-0  31569-3 0  9997
2 68506  97.4541 170.0859 0001410 329.2403  30.8748 15.19676954 18503
ORBASTRO-JEN1
1 69006U 26100AC  26211.79911095  .00005112  00000-0  23643-3 0  9993
2 69006  97.3993 108.8159 0003255 188.9449 171.1729 15.20587729 13438
MENUT
1 55010U 23001B   26212.18702663  .00094103  00000-0  87645-3 0  9993
2 55010  97.3087 281.6579 0001743 265.0386  95.0675 15.67068611199271
PLATERO
1 58262U 23174G   26211.83789841  .00038005  00000-0  35814-3 0  9990
2 58262  97.3932 312.0186 0003098 278.8718  81.2192 15.66987327153017
EWS-G3
1 35491U 09033A   26211.90610220 -.00000345  00000-0  00000+0 0  9991
2 35491   1.7973  82.4951 0002244  49.3338 257.9429  1.00090128  7020
IGS Radar 5
1 42072U 17015A   26205.91125965 0.00000000  00000-0  00000-0 0    05
2 42072  97.3700 276.4769 0005466 109.9878 250.0120 15.25981003    01
DEIMOS 1
1 35681U 09041A   26212.13764124  .00000613  00000-0  97542-4 0  9999
2 35681  97.7450   7.4729 0002684  69.2110 290.9387 14.75279095913364
NOAA 6
1 11416U 79057A   26212.14015652  .00000266  00000-0  10777-3 0  9997
2 11416  98.5620 241.3059 0010923 124.1168 236.1055 14.35517372457261
ICEYE-X78
1 68995U 26100R   26211.27146433  .00000988  00000-0  10331-3 0  9994
2 68995  97.7311 107.9179 0002563  20.8641 339.2682 14.91836199 13129
BRO-22
1 69504U 26132C   26211.98599494  .00001529  00000-0  12786-3 0  9991
2 69504  97.6826 275.1016 0018494 125.7644 234.5303 14.99853845  7341
DAQI-2
1 68760U 26084A   26211.89975867  .00000444  00000-0  10773-3 0  9991
2 68760  98.2857 285.8765 0001419   9.2557 350.8667 14.57559618 15262
PRAETORIAN SDA_613
1 65576U 25203M   26211.83985609  .00000069  00000-0  52072-4 0  9996
2 65576  81.3029 330.5843 0006763  79.6660 280.5258 13.82769611 44716
SDA_1664
1 65974U 25230A   26212.16668980  .00084897  00000-0  83973-1 0  9997
2 65974  81.3010 171.9033 0002563 154.2887 163.2859 13.77836171  5206
OBJECT G
1 64882U 25155G   26212.18079454  .00008390  00000-0  28924-3 0  9995
2 64882  97.4614 180.8787 0008178  37.8511 322.3303 15.30227361 87482
OBJECT J
1 64884U 25155J   26212.18028120  .00008636  00000-0  29755-3 0  9997
2 64884  97.4601 180.8394 0008193  27.1886 332.9782 15.30236272 87487
SPACEMOBILE-008
1 69589U 26139A   26212.00836072  .00002173  00000-0  13907-3 0  9993
2 69589  52.9944  63.6119 0005388  93.2865 266.8743 15.12852199  6617
FENGYUNG-4C
1 67246U 25312A   26211.62462903 -.00000318  00000-0  00000+0 0  9994
2 67246   0.0345 210.5354 0000489 359.7055  95.8777  1.00271811  2303
SPACEMOBILE-010
1 69591U 26139C   26211.95014023  .00001769  00000-0  11721-3 0  9995
2 69591  52.9940  63.9567 0005808  83.3217 276.8435 15.12589265  6614
SPACEMOBILE-009
1 69590U 26139B   26212.07746918  .00001974  00000-0  12825-3 0  9997
2 69590  52.9935  63.3239 0005732  91.0442 269.1205 15.12750938  6627
OBJECT F
1 68203U 26052F   26211.93576265  .00006220  00000-0  36402-3 0  9997
2 68203  97.5316 286.1992 0011597 148.4341 211.7587 15.12137008 20660
HOKUSHIN1
1 69648U 98067YH  26211.04477677  .00026991  00000-0  45075-3 0  9998
2 69648  51.6322  87.5102 0005879  18.7484 341.3721 15.51720081  6308
OBJECT D
1 69100U 26106D   26212.17227965  .00001551  00000-0  95436-4 0  9996
2 69100  97.5064 293.4574 0012775  28.4503 331.7422 15.11437607 11624
OBJECT E
1 68202U 26052E   26211.76156162  .00007386  00000-0  43500-3 0  9998
2 68202  97.5325 285.9807 0011808 157.4739 202.7012 15.11847320 20631
OBJECT E
1 69101U 26106E   26212.15604942  .00006356  00000-0  37314-3 0  9997
2 69101  97.5068 293.4804 0016698  26.1219 334.0850 15.11957259 11623
TERRA
1 25994U 99068A   26212.19406860  .00000320  00000-0  74028-4 0  9998
2 25994  97.9429 259.9894 0003699  91.6976   0.4099 14.61134819416036
COCONUT
1 98292U          26183.37500000  .00000100  00000+0  13146-3 0  9993
2 98292  51.6458 224.8870 0010677 125.5812  33.0212 15.48446246 57363
PROVES - Electra
1 98290U 26002A   26183.44444444  .00002000  00000-0  10000-4 0  9997
2 98290 051.6561 224.5631 0008446 154.9191 031.3137 15.47694428000018
PROVES - Alcyone
1 98289U 26003B   26183.36805556  .00002000  00000-0  10000-4 0  9992
2 98289 051.6206 224.9162 0004402 050.6302 069.1834 15.50413163000011
PROVES - Atlas
1 98288U 26003A   26183.36805556  .00002000  00000-0  10000-4 0  9991
2 98288 051.6206 224.9162 0004402 050.6302 069.1834 15.50413163000010
OBJECT YJ
1 69794U 98067YJ  26210.74635100  .00035939  00000-0  61428-3 0  9995
2 69794  51.6312  89.2630 0007429 358.9705   1.1268 15.50906181  4257
LEMUR 2 MJR092620
1 58340U 23174CN  26211.79372029  .00020789  00000-0  42151-3 0  9990
2 58340  97.3975 302.6718 0004177 325.0068  35.0907 15.46403661152381
ICEYE-X71
1 68494U 26067CG  26211.25002315  .00103119  00000-0  96849-2 0  9995
2 68494  97.7637 168.8418 0001279 188.0163 148.5588 14.93406652  5682
ICEYE-X64
1 67373U 26004L   26210.95981441  .00001074  00000-0  12295-3 0  9994
2 67373  97.8039 208.8490 0006149  11.2197 348.9155 14.88012574 29653
ICEYE-X63
1 67372U 26004K   26211.24368709  .00000943  00000-0  10773-3 0  9995
2 67372  97.8024 209.2154 0004264  10.5700 349.5606 14.88374621 29704
ICEYE-X39
1 60546U 24149CG  26211.76992560  .00004027  00000-0  32695-3 0  9998
2 60546  97.6826 288.2160 0006146 358.5809   1.5396 15.00179057106650
OBJECT G
1 69588U 26138G   26211.97724284  .00000315  00000-0  23614-3 0  9999
2 69588  55.1398 119.3290 0010279  22.9508 337.1924 14.16078853  6221
OBJECT B
1 69583U 26138B   26211.91971023  .00000416  00000-0  28902-3 0  9990
2 69583  55.1420 119.6535 0011762  17.2716 342.8656 14.15664296  6218
CUBY-2
1 98283U          26194.91878597 +.00000266 +00000+0 +32461-4 0 00169
2 98283  97.7587  95.2617 0004834 107.3192 252.8556 14.90972435000981
OBJECT BU
1 69935U 26156BU  26212.14242954  .00003057  00000-0  30265-3 0  9990
2 69935  97.7467 112.2178 0011664  77.0117 283.2403 14.92539853  3551
MARINA
1 69920U 26156BD  26211.27885273  .00002785  00000-0  28002-3 0  9997
2 69920  97.7513 111.3620 0009233  80.2694 279.9567 14.92008852  3423
OBJECT AW
1 69913U 26156AW  26211.96640675  .00001343  00000-0  14167-3 0  9996
2 69913  97.7567 112.0151 0004353  79.5391 280.6318 14.90924506  3529
BRO-31
1 98286C 26156AT  26188.34310027 -.00015159  00000-0 -29981-2 0  9992
2 98286  97.7556  88.7966 0008537 145.5626 221.4467 14.91985986    17
FOSSASAT2E26
1 69899U 26156AG  26211.69349779  .00000798  00000-0  85865-4 0  9997
2 69899  97.7498 111.7381 0006488  62.5130 297.6747 14.91197075  3483
CUBY-1
1 98284U          26194.91878597 +.00000266 +00000+0 +32461-4 0 00160
2 98284  97.7587  95.2617 0004834 107.3192 252.8556 14.90972435000982
CUBY-3
1 98282U          26194.91878597 +.00000266 +00000+0 +32461-4 0 00168
2 98282  97.7587  95.2617 0004834 107.3192 252.8556 14.90972435000980
CUBY-4
1 98281U          26194.91878597 +.00000266 +00000+0 +32461-4 0 00167
2 98281  97.7587  95.2617 0004834 107.3192 252.8556 14.90972435000989
CUBY-5
1 98280U          26194.91878597 +.00000266 +00000+0 +32461-4 0 00166
2 98280  97.7587  95.2617 0004834 107.3192 252.8556 14.90972435000988
Centauri-9
1 98279U 26001A   26188.34186184  .00000000  00000-0  20819-6 0  9990
2 98279  97.7473  88.7946 0015982  99.5762 260.7915 14.90763950    03
CLOUDCT-PRECURSOR
1 69939U 26156BY  26211.27054011  .00001637  00000-0  16466-3 0  9991
2 69939  97.7559 111.3863 0011314  86.9741 273.2773 14.92530536  3426
CYBERCUBE
1 98277C 26156E   26188.33822758 -.00012978  00000-0 -25226-2 0  9994
2 98277  97.7504  88.7937 0011928 142.6529 198.2166 14.92649585    16
ION SCV-023
1 98276C 26156AV  26188.34325883 -.00015326  00000-0 -30352-2 0  9997
2 98276  97.7571  88.7970 0008176 145.9616 221.8956 14.91934636    13
Kita-36
1 98275U          26194.71576161 +.00001124 +00000+0 +11815-3 0 00185
2 98275  97.7554  95.0637 0006811 114.0130 246.1802 14.91373412000958
Kita-53
1 98274U          26194.64799869 +.00000396 +00000+0 +45068-4 0 00153
2 98274  97.7563  94.9999 0007037 118.9285 241.2640 14.91527391000943
OBJECT AZ
1 69916U 26156AZ  26211.69836027  .00002599  00000-0  26896-3 0  9993
2 69916  97.7505 111.7342 0004459  67.2965 292.8724 14.90922375  3483
MAVERIC
1 98271C 26156AK  26188.34183753 -.00015096  00000-0 -29727-2 0  9998
2 98271  97.7585  88.7954 0008957 150.5475 209.6785 14.92155297    10
Navigator
1 98270U          26195.71723136 +.00001334 +00000+0 +13575-3 0 00174
2 98270  97.7561  96.0597 0010651 125.6582 234.5631 14.92377320001105
OASIS Alpha
1 98269U 26001A   26188.34186184  .00000000  00000-0  20819-6 0  9999
2 98269  97.7473  88.7946 0015982  99.5762 260.7915 14.90763950    02
OBJECT BG
1 69923U 26156BG  26212.15042122  .00001434  00000-0  14691-3 0  9995
2 69923  97.7499 112.2168 0009226  77.0319 283.1929 14.92011134  3556
Replicator-2
1 98267U          26195.78516996 +.00000461 +00000+0 +50776-4 0 00121
2 98267  97.7547  96.1240 0009541 128.5112 231.6964 14.92191875000945
SCION-X
1 98266U          26194.91872915 +.00000319 +00000+0 +37874-4 0 00159
2 98266  97.7504  95.2558 0005725  99.6287 260.5578 14.90985937000984
OBJECT AU
1 69911U 26156AU  26211.70104721  .00001363  00000-0  14442-3 0  9991
2 69911  97.7524 111.7357 0003596  70.2748 289.8858 14.90724002  3480
TOM-1
1 69872U 26156D   26211.96928671  .00001028  00000-0  11026-3 0  9996
2 69872  97.7501 111.9930 0004716  48.5398 311.6225 14.90735863  3528
TOM-2
1 69914U 26156AX  26211.70034020  .00001139  00000-0  12150-3 0  9993
2 69914  97.7546 111.7430 0004168  57.7126 302.4495 14.90765457  3483
TOM-3
1 69906U 26156AP  26211.96556995  .00001114  00000-0  11836-3 0  9995
2 69906  97.7460 111.9872 0005300  56.2709 303.9013 14.90972196  3528
OBJECT AE
1 69897U 26156AE  26211.96901997  .00001516  00000-0  15982-3 0  9992
2 69897  97.7554 112.0081 0003689  80.6484 279.5151 14.90763163  3527
MARMOTSat
1 98272U          26195.92593358 +.00000737 +00000+0 +80338-4 0 00190
2 98272  97.7592  96.2498 0004119 113.3622 246.8030 14.90883557001138
Unknown 1 T17
1 98259U          26194.91865210 +.00001488 +00000+0 +15610-3 0 00163
2 98259  97.7581  95.2617 0005175 106.4647 253.7140 14.91010768000984
ANDURIL-216
1 98258U          26194.64799869 +.00000396 +00000+0 +45068-4 0 00155
2 98258  97.7563  94.9999 0007037 118.9285 241.2640 14.91527391000945
6GSTARLAB
1 66683U 25276T   26211.74671115  .00003227  00000-0  15917-3 0  9995
2 66683  97.4227 284.3447 0005600 186.3774 173.7390 15.18616387 37018
OBJECT AQ
1 69907U 26156AQ  26212.03288668  .00000564  00000-0  62712-4 0  9992
2 69907  97.7484 112.0594 0004997  60.5939 299.5778 14.90949583  3535
OBJECT YN
1 69798U 98067YN  26210.87045550  .00031593  00000-0  53680-3 0  9990
2 69798  51.6315  88.5924 0008892   4.3282 355.7783 15.51125636  4270
Unknown 3 T17
1 98255U          26195.71723136 +.00001334 +00000+0 +13575-3 0 00177
2 98255  97.7561  96.0597 0010651 125.6582 234.5631 14.92377320001108
SOLARAS
1 98254U 26164B   26199.44281513  .00001536  00000-0  46956-4 0  9991
2 98254  59.9267 304.7361 0006750 269.2869  90.7445 15.39721932    25
STARS-X
1 69502U 26132A   26211.94207235  .00001258  00000-0  10805-3 0  9993
2 69502  97.6904 275.0396 0015027 114.3047 245.9747 14.99169881  7333
